-- MySQL dump 10.13  Distrib 5.7.19, for Linux (x86_64)
--
-- Host: localhost    Database: easyfit
-- ------------------------------------------------------
-- Server version	5.7.19-0ubuntu0.16.04.1

/*!40101 SET @OLD_CHARACTER_SET_CLIENT=@@CHARACTER_SET_CLIENT */;
/*!40101 SET @OLD_CHARACTER_SET_RESULTS=@@CHARACTER_SET_RESULTS */;
/*!40101 SET @OLD_COLLATION_CONNECTION=@@COLLATION_CONNECTION */;
/*!40101 SET NAMES utf8 */;
/*!40103 SET @OLD_TIME_ZONE=@@TIME_ZONE */;
/*!40103 SET TIME_ZONE='+00:00' */;
/*!40014 SET @OLD_UNIQUE_CHECKS=@@UNIQUE_CHECKS, UNIQUE_CHECKS=0 */;
/*!40014 SET @OLD_FOREIGN_KEY_CHECKS=@@FOREIGN_KEY_CHECKS, FOREIGN_KEY_CHECKS=0 */;
/*!40101 SET @OLD_SQL_MODE=@@SQL_MODE, SQL_MODE='NO_AUTO_VALUE_ON_ZERO' */;
/*!40111 SET @OLD_SQL_NOTES=@@SQL_NOTES, SQL_NOTES=0 */;

--
-- Table structure for table `consumption`
--

DROP TABLE IF EXISTS `consumption`;
/*!40101 SET @saved_cs_client     = @@character_set_client */;
/*!40101 SET character_set_client = utf8 */;
CREATE TABLE `consumption` (
  `id` int(11) NOT NULL AUTO_INCREMENT,
  `userid` int(11) DEFAULT NULL,
  `date` date NOT NULL,
  `points` decimal(10,2) DEFAULT NULL,
  `creationdate` timestamp NOT NULL DEFAULT CURRENT_TIMESTAMP,
  `creationuser` char(20) DEFAULT NULL,
  `updatedate` timestamp NOT NULL DEFAULT CURRENT_TIMESTAMP,
  `updateuser` char(20) DEFAULT NULL,
  `excercisepoints` decimal(10,2) DEFAULT NULL,
  PRIMARY KEY (`id`),
  KEY `userid` (`userid`),
  CONSTRAINT `consumption_ibfk_1` FOREIGN KEY (`userid`) REFERENCES `user` (`id`)
) ENGINE=InnoDB AUTO_INCREMENT=101 DEFAULT CHARSET=utf8;
/*!40101 SET character_set_client = @saved_cs_client */;

--
-- Dumping data for table `consumption`
--

LOCK TABLES `consumption` WRITE;
/*!40000 ALTER TABLE `consumption` DISABLE KEYS */;
INSERT INTO `consumption` VALUES (1,1,'2013-03-12',2.50,'2013-03-12 21:47:09','INGE','2013-03-17 16:46:11','INGE',NULL),(2,1,'2013-03-13',17.67,'2013-03-13 20:20:04','INGE','2013-03-17 16:46:08','INGE',NULL),(3,1,'2013-03-14',0.00,'2013-03-14 18:09:48','INGE','2013-03-17 16:45:58','INGE',NULL),(4,1,'2013-03-16',0.00,'2013-03-16 22:17:07','INGE','2013-03-17 16:45:50','INGE',NULL),(5,2,'2013-03-16',8.00,'2013-03-16 22:17:34','HANS','2013-03-17 16:46:33','HANS',NULL),(6,2,'2013-03-17',38.00,'2013-03-17 08:38:42','HANS','2013-03-17 16:28:08','HANS',NULL),(7,1,'2013-03-17',32.00,'2013-03-17 08:52:12','INGE','2013-03-17 20:33:52','INGE',NULL),(8,1,'2013-03-18',27.80,'2013-03-17 21:01:47','INGE','2013-03-18 21:08:41','INGE',NULL),(9,2,'2013-03-18',34.45,'2013-03-18 07:20:38','HANS','2013-03-18 21:38:31','HANS',NULL),(10,2,'2013-03-19',39.88,'2013-03-19 07:22:02','HANS','2013-03-19 20:03:58','HANS',NULL),(11,1,'2013-03-19',29.01,'2013-03-19 07:23:46','INGE','2013-03-20 07:32:52','INGE',NULL),(12,1,'2013-03-20',28.82,'2013-03-20 07:35:31','INGE','2013-03-21 07:30:57','INGE',NULL),(13,2,'2013-03-20',36.70,'2013-03-20 07:46:05','HANS','2013-03-20 19:52:07','HANS',NULL),(14,2,'2013-03-21',40.75,'2013-03-21 07:29:48','HANS','2013-03-21 21:40:51','HANS',NULL),(15,1,'2013-03-21',32.00,'2013-03-21 07:30:38','INGE','2013-03-21 21:43:15','INGE',NULL),(16,2,'2013-03-22',62.00,'2013-03-22 07:16:34','HANS','2013-03-22 20:22:04','HANS',NULL),(17,1,'2013-03-22',41.40,'2013-03-22 07:26:03','INGE','2013-03-22 20:19:58','INGE',NULL),(18,2,'2013-03-23',33.77,'2013-03-22 20:13:29','HANS','2013-03-23 21:00:17','HANS',NULL),(19,2,'2013-03-24',39.10,'2013-03-22 20:13:51','HANS','2013-03-24 19:35:27','HANS',NULL),(20,1,'2013-03-23',41.12,'2013-03-23 07:13:03','INGE','2013-03-23 20:45:54','INGE',NULL),(21,1,'2013-03-24',49.25,'2013-03-23 20:46:34','INGE','2013-03-24 19:24:44','INGE',NULL),(22,2,'2013-03-25',37.05,'2013-03-25 07:20:03','HANS','2013-03-25 22:27:36','HANS',NULL),(23,1,'2013-03-25',29.72,'2013-03-25 12:29:08','INGE','2013-03-26 08:39:37','INGE',NULL),(24,2,'2013-03-26',36.86,'2013-03-26 07:23:58','HANS','2013-03-26 22:22:51','HANS',NULL),(25,1,'2013-03-26',34.56,'2013-03-26 08:39:53','INGE','2013-03-27 12:36:58','INGE',NULL),(26,2,'2013-03-27',43.90,'2013-03-27 09:26:35','HANS','2013-03-27 21:49:16','HANS',NULL),(27,1,'2013-03-27',33.10,'2013-03-27 12:32:41','INGE','2013-03-27 21:50:25','INGE',NULL),(28,2,'2013-03-28',34.45,'2013-03-28 07:13:22','HANS','2013-03-28 15:47:21','HANS',NULL),(29,1,'2013-03-28',34.09,'2013-03-28 15:36:45','INGE','2013-03-29 16:43:27','INGE',NULL),(30,2,'2013-03-29',65.90,'2013-03-28 18:52:59','HANS','2013-03-30 09:15:31','HANS',NULL),(31,2,'2013-03-30',36.37,'2013-03-28 18:56:13','HANS','2013-03-31 08:55:35','HANS',NULL),(32,1,'2013-03-29',30.75,'2013-03-29 16:39:43','INGE','2013-03-29 16:42:52','INGE',NULL),(33,1,'2013-03-30',22.00,'2013-03-30 12:47:10','INGE','2013-03-30 12:48:22','INGE',NULL),(34,2,'2013-03-31',54.62,'2013-03-31 08:55:58','HANS','2013-03-31 19:19:34','HANS',NULL),(35,2,'2013-04-01',38.45,'2013-04-01 08:23:41','HANS','2013-04-02 07:04:49','HANS',NULL),(36,1,'2013-04-01',25.85,'2013-04-01 08:37:43','INGE','2013-04-01 17:01:06','INGE',NULL),(37,2,'2013-04-02',34.60,'2013-04-02 07:05:06','HANS','2013-04-02 19:14:19','HANS',NULL),(38,1,'2013-04-02',28.50,'2013-04-02 11:10:42','INGE','2013-04-03 06:33:21','INGE',NULL),(39,1,'2013-04-03',31.25,'2013-04-03 06:33:50','INGE','2013-04-03 21:01:26','INGE',NULL),(40,2,'2013-04-03',35.17,'2013-04-03 06:54:09','HANS','2013-04-03 21:20:05','HANS',NULL),(41,2,'2013-04-04',35.67,'2013-04-04 13:13:31','HANS','2013-04-05 10:11:42','HANS',NULL),(42,1,'2013-04-04',47.33,'2013-04-04 13:19:17','INGE','2013-04-05 17:51:31','INGE',NULL),(43,2,'2013-04-05',53.33,'2013-04-05 10:05:27','HANS','2013-04-05 17:45:56','HANS',NULL),(44,1,'2013-04-05',35.46,'2013-04-05 10:13:49','INGE','2013-04-05 17:44:45','INGE',NULL),(45,1,'2013-04-06',42.46,'2013-04-05 17:52:32','INGE','2013-04-06 17:28:23','INGE',NULL),(46,2,'2013-04-06',45.16,'2013-04-06 08:08:09','HANS','2013-04-06 17:27:41','HANS',NULL),(47,1,'2013-04-07',38.43,'2013-04-07 07:51:25','INGE','2013-04-19 22:13:36','INGE',12.00),(48,2,'2013-04-07',50.77,'2013-04-07 07:51:25','HANS','2013-04-08 14:31:15','HANS',NULL),(49,2,'2013-04-08',41.02,'2013-04-08 06:33:42','HANS','2013-04-08 22:03:24','HANS',NULL),(50,1,'2013-04-08',53.75,'2013-04-08 09:09:40','INGE','2013-04-09 20:06:02','INGE',NULL),(51,2,'2013-04-09',40.00,'2013-04-09 06:42:12','HANS','2013-04-09 20:23:51','HANS',NULL),(52,1,'2013-04-09',29.55,'2013-04-09 10:48:57','INGE','2013-04-19 22:13:14','INGE',4.00),(53,1,'2013-04-10',29.43,'2013-04-09 19:45:58','INGE','2013-04-11 09:15:21','INGE',NULL),(54,2,'2013-04-10',39.66,'2013-04-10 06:45:30','HANS','2013-04-11 06:24:40','HANS',NULL),(55,2,'2013-04-11',48.85,'2013-04-11 06:25:40','HANS','2013-04-12 07:40:40','HANS',NULL),(56,1,'2013-04-11',30.00,'2013-04-11 09:15:44','INGE','2013-04-19 22:12:53','INGE',11.00),(57,1,'2013-04-12',33.02,'2013-04-11 09:26:21','INGE','2013-04-12 21:01:40','INGE',NULL),(58,2,'2013-04-12',33.76,'2013-04-12 07:41:03','HANS','2013-04-12 17:48:29','HANS',NULL),(59,1,'2013-04-13',47.02,'2013-04-12 17:25:36','INGE','2013-04-14 12:00:12','INGE',NULL),(60,2,'2013-04-13',45.31,'2013-04-13 06:36:37','HANS','2013-04-13 20:51:14','HANS',NULL),(61,2,'2013-04-14',39.66,'2013-04-14 08:11:27','HANS','2013-04-14 20:14:34','HANS',NULL),(62,1,'2013-04-14',35.35,'2013-04-14 08:13:24','INGE','2013-04-14 12:39:46','INGE',NULL),(63,2,'2013-04-15',40.55,'2013-04-15 06:07:08','HANS','2013-04-15 11:11:18','HANS',NULL),(64,1,'2013-04-15',34.23,'2013-04-15 06:08:45','INGE','2013-04-15 17:27:18','INGE',NULL),(65,2,'2013-04-16',35.30,'2013-04-16 06:11:25','HANS','2013-04-16 18:06:13','HANS',NULL),(66,1,'2013-04-16',36.03,'2013-04-16 11:12:14','INGE','2013-04-16 21:12:51','INGE',NULL),(67,1,'2013-04-17',30.08,'2013-04-16 21:13:27','INGE','2013-04-17 21:29:02','INGE',NULL),(68,2,'2013-04-17',38.33,'2013-04-17 08:15:44','HANS','2013-04-17 18:14:36','HANS',NULL),(69,1,'2013-04-18',27.26,'2013-04-18 08:09:45','INGE','2013-04-19 22:12:09','INGE',11.00),(70,2,'2013-04-18',33.50,'2013-04-18 12:00:37','HANS','2013-04-18 17:22:35','HANS',NULL),(71,1,'2013-04-19',38.62,'2013-04-18 19:46:04','INGE','2013-04-19 19:54:49','INGE',NULL),(72,2,'2013-04-19',55.60,'2013-04-19 06:57:21','HANS','2013-04-20 05:39:13','HANS',0.00),(73,1,'2013-04-20',26.07,'2013-04-19 20:12:40','INGE','2013-04-20 10:41:25','INGE',0.00),(74,2,'2013-04-20',80.97,'2013-04-20 06:22:46','HANS','2013-04-21 07:50:39','HANS',14.00),(75,2,'2013-04-21',43.76,'2013-04-21 07:37:11','HANS','2013-04-21 20:58:49','HANS',0.00),(76,2,'2013-04-22',32.18,'2013-04-22 06:09:52','HANS','2013-04-22 19:19:35','HANS',0.00),(77,1,'2013-04-22',30.37,'2013-04-22 08:20:16','INGE','2013-04-22 18:46:04','INGE',0.00),(78,2,'2013-04-23',34.26,'2013-04-23 07:01:20','HANS','2013-04-23 16:52:18','HANS',0.00),(79,1,'2013-04-23',29.95,'2013-04-23 08:48:36','INGE','2013-04-24 11:07:58','INGE',7.70),(80,2,'2013-04-24',39.02,'2013-04-24 06:13:50','HANS','2013-04-24 17:19:56','HANS',0.00),(81,1,'2013-04-24',33.60,'2013-04-24 08:44:48','INGE','2013-04-24 10:51:57','INGE',2.10),(82,2,'2013-04-25',37.08,'2013-04-25 06:28:01','HANS','2013-04-25 17:19:08','HANS',0.00),(83,1,'2013-04-25',32.11,'2013-04-25 11:10:39','INGE','2013-04-25 19:51:55','INGE',0.00),(84,1,'2013-04-26',61.95,'2013-04-25 19:53:06','INGE','2013-04-27 10:18:49','INGE',0.00),(85,2,'2013-04-26',50.80,'2013-04-26 07:02:56','HANS','2013-04-26 18:16:51','HANS',0.00),(86,2,'2013-04-27',65.10,'2013-04-27 06:49:16','HANS','2013-04-28 07:24:47','HANS',6.00),(87,1,'2013-04-27',23.83,'2013-04-27 10:14:15','INGE','2013-04-27 10:15:31','INGE',0.00),(88,2,'2013-04-28',35.90,'2013-04-28 07:25:23','HANS','2013-04-28 16:27:40','HANS',6.00),(89,2,'2013-04-29',39.27,'2013-04-29 06:09:24','HANS','2013-04-29 22:41:26','HANS',0.00),(90,1,'2013-04-30',37.35,'2013-04-29 22:35:18','INGE','2013-04-30 20:15:00','INGE',0.00),(91,2,'2013-04-30',40.70,'2013-04-30 06:10:00','HANS','2013-04-30 20:11:48','HANS',0.00),(92,1,'2013-04-29',26.95,'2013-04-30 10:47:59','INGE','2013-04-30 10:49:23','INGE',0.00),(93,2,'2013-05-01',38.89,'2013-05-01 07:18:33','HANS','2013-05-01 19:07:49','HANS',6.00),(94,2,'2013-05-02',31.92,'2013-05-02 08:43:34','HANS','2013-05-02 19:02:37','HANS',0.00),(95,2,'2013-05-03',48.01,'2013-05-04 06:16:14','HANS','2013-05-04 06:24:43','HANS',6.00),(96,2,'2013-05-04',45.80,'2013-05-04 06:25:04','HANS','2013-05-04 11:07:58','HANS',0.00),(97,2,'2017-08-01',38.87,'2017-08-01 14:14:35','HANS','2017-08-14 21:12:45','HANS',0.00),(98,2,'2017-08-14',77.00,'2017-08-14 21:13:26','HANS','2017-08-15 07:43:31','HANS',4.00),(99,2,'2017-08-15',39.06,'2017-08-15 07:11:58','HANS','2017-08-15 21:08:26','HANS',14.00),(100,2,'2017-08-16',45.93,'2017-08-16 08:11:28','HANS','2017-08-16 19:21:37','HANS',0.00);
/*!40000 ALTER TABLE `consumption` ENABLE KEYS */;
UNLOCK TABLES;

--
-- Table structure for table `consumptiondetail`
--

DROP TABLE IF EXISTS `consumptiondetail`;
/*!40101 SET @saved_cs_client     = @@character_set_client */;
/*!40101 SET character_set_client = utf8 */;
CREATE TABLE `consumptiondetail` (
  `id` int(11) NOT NULL AUTO_INCREMENT,
  `type` smallint(6) NOT NULL DEFAULT '0',
  `amount` double DEFAULT NULL,
  `productid` int(11) NOT NULL,
  `consumptionid` int(11) NOT NULL,
  `creationdate` timestamp NOT NULL DEFAULT CURRENT_TIMESTAMP,
  `creationuser` char(20) DEFAULT NULL,
  `updatedate` timestamp NOT NULL DEFAULT CURRENT_TIMESTAMP,
  `updateuser` char(20) DEFAULT NULL,
  PRIMARY KEY (`id`),
  KEY `consumptionid` (`consumptionid`),
  KEY `productid` (`productid`),
  CONSTRAINT `consumptiondetail_ibfk_1` FOREIGN KEY (`consumptionid`) REFERENCES `consumption` (`id`),
  CONSTRAINT `consumptiondetail_ibfk_2` FOREIGN KEY (`productid`) REFERENCES `product` (`id`)
) ENGINE=InnoDB AUTO_INCREMENT=1200 DEFAULT CHARSET=utf8;
/*!40101 SET character_set_client = @saved_cs_client */;

--
-- Dumping data for table `consumptiondetail`
--

LOCK TABLES `consumptiondetail` WRITE;
/*!40000 ALTER TABLE `consumptiondetail` DISABLE KEYS */;
INSERT INTO `consumptiondetail` VALUES (9,1,2,46,6,'2013-03-17 08:38:42','HANS','2013-03-17 16:28:08','HANS'),(10,1,3,47,7,'2013-03-17 08:52:12','INGE','2013-03-17 20:33:52','INGE'),(11,1,1,16,7,'2013-03-17 08:59:13','INGE','2013-03-17 20:33:52','INGE'),(13,3,60,48,7,'2013-03-17 12:39:32','INGE','2013-03-17 20:33:52','INGE'),(14,3,30,52,7,'2013-03-17 12:42:39','INGE','2013-03-17 20:33:52','INGE'),(15,3,1,51,7,'2013-03-17 12:44:06','INGE','2013-03-17 20:33:52','INGE'),(16,3,120,48,6,'2013-03-17 12:51:27','HANS','2013-03-17 16:28:08','HANS'),(17,3,1,50,6,'2013-03-17 12:51:37','HANS','2013-03-17 16:28:08','HANS'),(18,3,1,22,6,'2013-03-17 12:51:51','HANS','2013-03-17 16:28:08','HANS'),(19,3,30,52,6,'2013-03-17 12:52:09','HANS','2013-03-17 16:28:08','HANS'),(20,4,0.5,47,6,'2013-03-17 16:23:56','HANS','2013-03-17 16:28:08','HANS'),(21,4,250,53,6,'2013-03-17 16:27:24','HANS','2013-03-17 16:28:08','HANS'),(24,1,30,54,9,'2013-03-18 07:22:03','HANS','2013-03-18 21:38:31','HANS'),(25,1,0.5,13,9,'2013-03-18 07:22:30','HANS','2013-03-18 21:38:31','HANS'),(26,1,1,16,8,'2013-03-18 07:32:43','INGE','2013-03-18 21:08:41','INGE'),(27,1,30,40,8,'2013-03-18 07:33:45','INGE','2013-03-18 21:08:41','INGE'),(28,1,1,55,8,'2013-03-18 07:37:06','INGE','2013-03-18 21:08:41','INGE'),(29,2,2,58,8,'2013-03-18 11:31:14','INGE','2013-03-18 21:08:41','INGE'),(30,2,1,59,8,'2013-03-18 11:32:23','INGE','2013-03-18 21:08:41','INGE'),(31,3,3,13,8,'2013-03-18 11:32:36','INGE','2013-03-18 21:08:41','INGE'),(32,3,30,52,8,'2013-03-18 11:33:19','INGE','2013-03-18 21:08:41','INGE'),(34,3,2,60,8,'2013-03-18 11:36:03','INGE','2013-03-18 21:08:41','INGE'),(35,3,2,61,8,'2013-03-18 11:39:22','INGE','2013-03-18 21:08:41','INGE'),(36,3,1,62,8,'2013-03-18 11:44:15','INGE','2013-03-18 21:08:41','INGE'),(37,3,5,13,9,'2013-03-18 11:45:44','HANS','2013-03-18 21:38:31','HANS'),(38,3,2,22,9,'2013-03-18 11:46:00','HANS','2013-03-18 21:38:31','HANS'),(39,3,1,60,9,'2013-03-18 11:46:47','HANS','2013-03-18 21:38:31','HANS'),(40,3,1,59,9,'2013-03-18 11:47:07','HANS','2013-03-18 21:38:31','HANS'),(41,4,1,51,8,'2013-03-18 18:01:24','INGE','2013-03-18 21:08:41','INGE'),(42,5,150,63,8,'2013-03-18 18:05:43','INGE','2013-03-18 21:08:41','INGE'),(43,5,35,64,8,'2013-03-18 18:09:57','INGE','2013-03-18 21:08:41','INGE'),(44,4,1,65,9,'2013-03-18 18:15:10','HANS','2013-03-18 21:38:31','HANS'),(45,5,150,63,9,'2013-03-18 18:15:28','HANS','2013-03-18 21:38:31','HANS'),(46,5,20,64,9,'2013-03-18 18:15:55','HANS','2013-03-18 21:38:31','HANS'),(47,5,100,66,9,'2013-03-18 18:18:07','HANS','2013-03-18 21:38:31','HANS'),(48,5,1,59,9,'2013-03-18 18:19:04','HANS','2013-03-18 21:38:31','HANS'),(49,1,1,60,9,'2013-03-18 18:31:06','HANS','2013-03-18 21:38:31','HANS'),(50,6,40,54,9,'2013-03-18 19:34:30','HANS','2013-03-18 21:38:31','HANS'),(51,6,100,57,9,'2013-03-18 19:34:46','HANS','2013-03-18 21:38:31','HANS'),(52,6,1,59,8,'2013-03-18 21:08:41','INGE','2013-03-18 21:08:41','INGE'),(54,1,80,57,9,'2013-03-18 21:38:31','HANS','2013-03-18 21:38:31','HANS'),(55,1,100,57,10,'2013-03-19 07:22:02','HANS','2013-03-19 20:03:58','HANS'),(56,1,40,56,10,'2013-03-19 07:22:15','HANS','2013-03-19 20:03:58','HANS'),(57,1,1,55,10,'2013-03-19 07:22:24','HANS','2013-03-19 20:03:58','HANS'),(58,1,1,13,10,'2013-03-19 07:22:36','HANS','2013-03-19 20:03:58','HANS'),(59,1,1,60,10,'2013-03-19 07:22:56','HANS','2013-03-19 20:03:58','HANS'),(60,1,30,40,11,'2013-03-19 07:23:46','INGE','2013-03-20 07:32:52','INGE'),(61,1,1,59,11,'2013-03-19 07:23:56','INGE','2013-03-20 07:32:52','INGE'),(62,1,1,16,11,'2013-03-19 07:24:09','INGE','2013-03-20 07:32:52','INGE'),(63,1,1,55,11,'2013-03-19 07:24:28','INGE','2013-03-20 07:32:52','INGE'),(64,2,5,73,11,'2013-03-19 11:49:31','INGE','2013-03-20 07:32:52','INGE'),(65,3,2,13,11,'2013-03-19 11:50:23','INGE','2013-03-20 07:32:52','INGE'),(66,3,70,66,11,'2013-03-19 11:51:16','INGE','2013-03-20 07:32:52','INGE'),(67,3,5,13,10,'2013-03-19 11:52:20','HANS','2013-03-19 20:03:58','HANS'),(68,3,2,22,10,'2013-03-19 11:52:36','HANS','2013-03-19 20:03:58','HANS'),(69,3,1,50,10,'2013-03-19 11:52:49','HANS','2013-03-19 20:03:58','HANS'),(70,3,1,74,11,'2013-03-19 11:54:29','INGE','2013-03-20 07:32:52','INGE'),(71,3,2,74,10,'2013-03-19 11:54:31','HANS','2013-03-19 20:03:58','HANS'),(72,3,40,75,11,'2013-03-19 11:56:35','INGE','2013-03-20 07:32:52','INGE'),(73,3,4,60,11,'2013-03-19 12:03:32','INGE','2013-03-20 07:32:52','INGE'),(74,3,2,60,10,'2013-03-19 12:09:07','HANS','2013-03-19 20:03:58','HANS'),(75,3,0.5,76,11,'2013-03-19 12:10:17','INGE','2013-03-20 07:32:52','INGE'),(76,4,1,65,10,'2013-03-19 12:12:03','HANS','2013-03-19 20:03:58','HANS'),(77,5,2,79,10,'2013-03-19 12:26:18','HANS','2013-03-19 20:03:58','HANS'),(78,5,1,79,11,'2013-03-19 17:48:12','INGE','2013-03-20 07:32:52','INGE'),(79,5,0.5,79,11,'2013-03-19 19:52:11','INGE','2013-03-20 07:32:52','INGE'),(80,5,1,13,10,'2013-03-19 20:03:57','HANS','2013-03-19 20:03:57','HANS'),(81,6,0.5,65,11,'2013-03-20 07:32:52','INGE','2013-03-20 07:32:52','INGE'),(82,1,1,16,12,'2013-03-20 07:35:31','INGE','2013-03-21 07:30:57','INGE'),(83,1,40,82,12,'2013-03-20 07:35:43','INGE','2013-03-21 07:30:57','INGE'),(84,1,110,57,13,'2013-03-20 07:46:05','HANS','2013-03-20 19:52:07','HANS'),(85,1,40,54,13,'2013-03-20 07:46:35','HANS','2013-03-20 19:52:07','HANS'),(86,2,16,83,12,'2013-03-20 08:46:10','INGE','2013-03-21 07:30:57','INGE'),(87,3,70,48,12,'2013-03-20 11:47:23','INGE','2013-03-21 07:30:57','INGE'),(88,3,1,12,12,'2013-03-20 11:47:47','INGE','2013-03-21 07:30:57','INGE'),(89,3,130,48,13,'2013-03-20 11:51:58','HANS','2013-03-20 19:52:07','HANS'),(90,3,30,66,13,'2013-03-20 11:53:08','HANS','2013-03-20 19:52:07','HANS'),(91,3,0.5,22,13,'2013-03-20 11:55:14','HANS','2013-03-20 19:52:07','HANS'),(92,3,1,50,13,'2013-03-20 11:55:27','HANS','2013-03-20 19:52:07','HANS'),(93,3,1,76,12,'2013-03-20 12:26:54','INGE','2013-03-21 07:30:57','INGE'),(94,4,10,84,12,'2013-03-20 16:46:33','INGE','2013-03-21 07:30:57','INGE'),(95,4,1,85,12,'2013-03-20 16:48:04','INGE','2013-03-21 07:30:57','INGE'),(96,4,1,86,12,'2013-03-20 16:49:22','INGE','2013-03-21 07:30:57','INGE'),(97,4,3,87,13,'2013-03-20 16:51:38','HANS','2013-03-20 19:52:07','HANS'),(98,5,1,91,12,'2013-03-20 19:32:20','INGE','2013-03-21 07:30:57','INGE'),(99,5,100,97,12,'2013-03-20 19:36:12','INGE','2013-03-21 07:30:57','INGE'),(100,5,1,45,12,'2013-03-20 19:36:29','INGE','2013-03-21 07:30:57','INGE'),(101,6,1,88,12,'2013-03-20 19:37:09','INGE','2013-03-21 07:30:57','INGE'),(102,5,1,91,13,'2013-03-20 19:51:12','HANS','2013-03-20 19:52:07','HANS'),(103,5,50,48,13,'2013-03-20 19:51:30','HANS','2013-03-20 19:52:07','HANS'),(104,5,25,64,13,'2013-03-20 19:51:47','HANS','2013-03-20 19:52:07','HANS'),(105,1,40,54,14,'2013-03-21 07:29:48','HANS','2013-03-21 21:40:51','HANS'),(106,1,100,57,14,'2013-03-21 07:29:58','HANS','2013-03-21 21:40:51','HANS'),(107,1,40,82,15,'2013-03-21 07:30:38','INGE','2013-03-21 21:43:15','INGE'),(108,6,10,82,12,'2013-03-21 07:30:57','INGE','2013-03-21 07:30:57','INGE'),(110,4,1,65,14,'2013-03-21 16:42:59','HANS','2013-03-21 21:40:51','HANS'),(111,3,100,98,14,'2013-03-21 18:07:25','HANS','2013-03-21 21:40:51','HANS'),(112,3,100,99,14,'2013-03-21 18:09:13','HANS','2013-03-21 21:40:51','HANS'),(113,3,50,100,14,'2013-03-21 18:09:45','HANS','2013-03-21 21:40:51','HANS'),(114,3,120,101,14,'2013-03-21 18:10:09','HANS','2013-03-21 21:40:51','HANS'),(115,5,4,13,14,'2013-03-21 18:13:10','HANS','2013-03-21 21:40:51','HANS'),(116,5,2,22,14,'2013-03-21 18:13:22','HANS','2013-03-21 21:40:51','HANS'),(117,5,1,50,14,'2013-03-21 18:13:43','HANS','2013-03-21 21:40:51','HANS'),(118,5,300,102,14,'2013-03-21 18:16:10','HANS','2013-03-21 21:40:51','HANS'),(119,3,120,67,15,'2013-03-21 18:34:57','INGE','2013-03-21 21:43:15','INGE'),(120,3,80,66,15,'2013-03-21 18:35:25','INGE','2013-03-21 21:43:15','INGE'),(121,3,80,103,15,'2013-03-21 18:37:33','INGE','2013-03-21 21:43:15','INGE'),(122,4,4,89,15,'2013-03-21 18:38:03','INGE','2013-03-21 21:43:15','INGE'),(123,5,200,102,15,'2013-03-21 18:39:02','INGE','2013-03-21 21:43:15','INGE'),(124,5,2,13,15,'2013-03-21 18:39:36','INGE','2013-03-21 21:43:15','INGE'),(126,6,1,13,14,'2013-03-21 21:40:51','HANS','2013-03-21 21:40:51','HANS'),(127,6,1,88,15,'2013-03-21 21:43:05','INGE','2013-03-21 21:43:15','INGE'),(128,1,30,56,16,'2013-03-22 07:16:34','HANS','2013-03-22 20:22:04','HANS'),(129,1,100,57,16,'2013-03-22 07:16:52','HANS','2013-03-22 20:22:04','HANS'),(130,1,100,104,17,'2013-03-22 07:26:03','INGE','2013-03-22 20:19:58','INGE'),(131,2,1,105,17,'2013-03-22 11:07:48','INGE','2013-03-22 20:19:58','INGE'),(132,2,1,105,16,'2013-03-22 11:08:31','HANS','2013-03-22 20:22:04','HANS'),(133,3,2,13,16,'2013-03-22 11:38:17','HANS','2013-03-22 20:22:04','HANS'),(134,3,2,60,16,'2013-03-22 11:38:39','HANS','2013-03-22 20:22:04','HANS'),(135,4,2,13,16,'2013-03-22 14:29:52','HANS','2013-03-22 20:22:04','HANS'),(136,4,2,60,16,'2013-03-22 14:30:00','HANS','2013-03-22 20:22:04','HANS'),(137,3,31,83,17,'2013-03-22 15:58:48','INGE','2013-03-22 20:19:58','INGE'),(138,5,2,110,16,'2013-03-22 20:09:41','HANS','2013-03-22 20:22:04','HANS'),(139,5,200,39,16,'2013-03-22 20:11:13','HANS','2013-03-22 20:22:04','HANS'),(140,6,2,59,16,'2013-03-22 20:11:52','HANS','2013-03-22 20:22:04','HANS'),(141,1,2,46,18,'2013-03-22 20:13:29','HANS','2013-03-23 21:00:17','HANS'),(142,1,2,46,19,'2013-03-22 20:13:51','HANS','2013-03-24 19:35:27','HANS'),(143,5,2,110,17,'2013-03-22 20:16:33','INGE','2013-03-22 20:19:58','INGE'),(144,5,100,67,17,'2013-03-22 20:16:52','INGE','2013-03-22 20:19:58','INGE'),(145,5,30,116,17,'2013-03-22 20:19:58','INGE','2013-03-22 20:19:58','INGE'),(146,6,30,116,16,'2013-03-22 20:21:04','HANS','2013-03-22 20:22:04','HANS'),(147,5,400,70,16,'2013-03-22 20:22:04','HANS','2013-03-22 20:22:04','HANS'),(148,1,2,47,20,'2013-03-23 07:13:03','INGE','2013-03-23 20:45:54','INGE'),(151,3,200,102,20,'2013-03-23 07:14:36','INGE','2013-03-23 20:45:54','INGE'),(152,3,60,48,20,'2013-03-23 07:14:54','INGE','2013-03-23 20:45:54','INGE'),(153,3,30,52,20,'2013-03-23 07:15:12','INGE','2013-03-23 20:45:54','INGE'),(155,2,1,85,20,'2013-03-23 11:04:34','INGE','2013-03-23 20:45:54','INGE'),(157,3,130,48,18,'2013-03-23 12:27:59','HANS','2013-03-23 21:00:17','HANS'),(158,3,1,22,18,'2013-03-23 12:28:23','HANS','2013-03-23 21:00:17','HANS'),(159,3,1,50,18,'2013-03-23 12:28:31','HANS','2013-03-23 21:00:17','HANS'),(160,3,30,52,18,'2013-03-23 12:28:47','HANS','2013-03-23 21:00:17','HANS'),(161,3,1,60,18,'2013-03-23 12:32:14','HANS','2013-03-23 21:00:17','HANS'),(162,3,1,59,20,'2013-03-23 12:33:36','INGE','2013-03-23 20:45:54','INGE'),(163,3,1,88,20,'2013-03-23 12:33:58','INGE','2013-03-23 20:45:54','INGE'),(164,4,6,117,20,'2013-03-23 14:25:18','INGE','2013-03-23 20:45:54','INGE'),(165,4,30,83,18,'2013-03-23 17:00:35','HANS','2013-03-23 21:00:17','HANS'),(166,2,2,200,18,'2013-03-23 17:36:23','HANS','2013-03-23 21:00:17','HANS'),(167,5,300,39,18,'2013-03-23 17:46:12','HANS','2013-03-23 21:00:17','HANS'),(168,5,30,94,18,'2013-03-23 17:46:32','HANS','2013-03-23 21:00:17','HANS'),(169,4,15,83,20,'2013-03-23 20:43:56','INGE','2013-03-23 20:45:54','INGE'),(172,5,200,39,20,'2013-03-23 20:45:04','INGE','2013-03-23 20:45:54','INGE'),(173,5,50,94,20,'2013-03-23 20:45:24','INGE','2013-03-23 20:45:54','INGE'),(174,1,2,47,21,'2013-03-23 20:46:34','INGE','2013-03-24 19:24:44','INGE'),(176,3,2.5,13,21,'2013-03-23 20:47:12','INGE','2013-03-24 19:24:44','INGE'),(177,3,18,52,21,'2013-03-23 20:47:34','INGE','2013-03-24 19:24:44','INGE'),(178,3,100,102,21,'2013-03-23 20:47:45','INGE','2013-03-24 19:24:44','INGE'),(179,4,31,83,21,'2013-03-23 20:48:19','INGE','2013-03-24 19:24:44','INGE'),(180,3,150,48,19,'2013-03-24 12:49:41','HANS','2013-03-24 19:35:27','HANS'),(181,3,3,60,19,'2013-03-24 12:49:52','HANS','2013-03-24 19:35:27','HANS'),(183,3,50,66,19,'2013-03-24 12:50:56','HANS','2013-03-24 19:35:27','HANS'),(184,3,3,88,21,'2013-03-24 12:53:27','INGE','2013-03-24 19:24:44','INGE'),(186,5,1,121,19,'2013-03-24 15:39:27','HANS','2013-03-24 19:35:27','HANS'),(187,4,5,51,21,'2013-03-24 19:21:30','INGE','2013-03-24 19:24:44','INGE'),(188,5,1,121,21,'2013-03-24 19:22:54','INGE','2013-03-24 19:24:44','INGE'),(189,5,18,123,21,'2013-03-24 19:24:44','INGE','2013-03-24 19:24:44','INGE'),(190,5,30,123,19,'2013-03-24 19:25:18','HANS','2013-03-24 19:35:27','HANS'),(191,1,30,56,22,'2013-03-25 07:20:03','HANS','2013-03-25 22:27:36','HANS'),(192,1,70,57,22,'2013-03-25 07:20:11','HANS','2013-03-25 22:27:36','HANS'),(193,1,1,13,22,'2013-03-25 07:20:18','HANS','2013-03-25 22:27:36','HANS'),(194,1,1,60,22,'2013-03-25 07:20:25','HANS','2013-03-25 22:27:36','HANS'),(195,2,3,59,22,'2013-03-25 11:50:22','HANS','2013-03-25 22:27:36','HANS'),(196,3,4,13,22,'2013-03-25 11:58:32','HANS','2013-03-25 22:27:36','HANS'),(197,3,30,66,22,'2013-03-25 11:58:46','HANS','2013-03-25 22:27:36','HANS'),(198,1,40,82,23,'2013-03-25 12:29:08','INGE','2013-03-26 08:39:37','INGE'),(199,1,1,16,23,'2013-03-25 12:29:19','INGE','2013-03-26 08:39:37','INGE'),(200,2,3,87,23,'2013-03-25 12:29:35','INGE','2013-03-26 08:39:37','INGE'),(201,2,1,16,23,'2013-03-25 12:29:42','INGE','2013-03-26 08:39:37','INGE'),(202,3,3,13,23,'2013-03-25 12:29:55','INGE','2013-03-26 08:39:37','INGE'),(203,3,1,22,23,'2013-03-25 12:30:17','INGE','2013-03-26 08:39:37','INGE'),(204,3,2,60,23,'2013-03-25 12:30:30','INGE','2013-03-26 08:39:37','INGE'),(205,3,1,16,23,'2013-03-25 12:30:44','INGE','2013-03-26 08:39:37','INGE'),(206,4,0.5,83,23,'2013-03-25 17:36:04','INGE','2013-03-26 08:39:37','INGE'),(207,5,3,125,22,'2013-03-25 18:13:17','HANS','2013-03-25 22:27:36','HANS'),(209,4,1,65,22,'2013-03-25 18:14:16','HANS','2013-03-25 22:27:36','HANS'),(210,4,1,59,22,'2013-03-25 18:14:29','HANS','2013-03-25 22:27:36','HANS'),(211,5,2,125,23,'2013-03-25 19:52:22','INGE','2013-03-26 08:39:37','INGE'),(212,5,100,63,23,'2013-03-25 19:52:47','INGE','2013-03-26 08:39:37','INGE'),(213,6,20,123,22,'2013-03-25 22:27:36','HANS','2013-03-25 22:27:36','HANS'),(214,1,2,13,24,'2013-03-26 07:23:58','HANS','2013-03-26 22:22:51','HANS'),(215,1,2,60,24,'2013-03-26 07:24:04','HANS','2013-03-26 22:22:51','HANS'),(216,1,30,56,24,'2013-03-26 07:24:12','HANS','2013-03-26 22:22:51','HANS'),(217,1,70,57,24,'2013-03-26 07:24:22','HANS','2013-03-26 22:22:51','HANS'),(218,6,1,88,23,'2013-03-26 08:39:37','INGE','2013-03-26 08:39:37','INGE'),(219,1,1,16,25,'2013-03-26 08:39:53','INGE','2013-03-27 12:36:58','INGE'),(220,1,40,82,25,'2013-03-26 08:40:05','INGE','2013-03-27 12:36:58','INGE'),(222,2,1,73,25,'2013-03-26 08:43:20','INGE','2013-03-27 12:36:58','INGE'),(223,3,3,13,25,'2013-03-26 08:43:41','INGE','2013-03-27 12:36:58','INGE'),(226,3,2,60,25,'2013-03-26 08:46:48','INGE','2013-03-27 12:36:58','INGE'),(227,4,1,85,25,'2013-03-26 08:47:01','INGE','2013-03-27 12:36:58','INGE'),(228,5,1,134,25,'2013-03-26 09:01:24','INGE','2013-03-27 12:36:58','INGE'),(230,2,1,85,25,'2013-03-26 11:37:01','INGE','2013-03-27 12:36:58','INGE'),(231,3,30,137,25,'2013-03-26 11:41:32','INGE','2013-03-27 12:36:58','INGE'),(232,3,1,16,25,'2013-03-26 11:49:04','INGE','2013-03-27 12:36:58','INGE'),(233,3,4,13,24,'2013-03-26 16:46:23','HANS','2013-03-26 22:22:51','HANS'),(234,3,1,22,24,'2013-03-26 16:46:32','HANS','2013-03-26 22:22:51','HANS'),(235,3,30,66,24,'2013-03-26 16:46:43','HANS','2013-03-26 22:22:51','HANS'),(236,2,2,59,24,'2013-03-26 22:15:25','HANS','2013-03-26 22:22:51','HANS'),(237,5,1,134,24,'2013-03-26 22:15:48','HANS','2013-03-26 22:22:51','HANS'),(238,6,2,13,24,'2013-03-26 22:17:39','HANS','2013-03-26 22:22:51','HANS'),(239,6,3,60,24,'2013-03-26 22:17:56','HANS','2013-03-26 22:22:51','HANS'),(240,1,1,13,26,'2013-03-27 09:26:35','HANS','2013-03-27 21:49:16','HANS'),(241,1,1,60,26,'2013-03-27 09:26:42','HANS','2013-03-27 21:49:16','HANS'),(242,2,1,59,26,'2013-03-27 09:26:50','HANS','2013-03-27 21:49:16','HANS'),(243,1,70,57,26,'2013-03-27 09:27:54','HANS','2013-03-27 21:49:16','HANS'),(244,1,30,56,26,'2013-03-27 09:28:02','HANS','2013-03-27 21:49:16','HANS'),(245,3,4,13,26,'2013-03-27 12:30:54','HANS','2013-03-27 21:49:16','HANS'),(246,3,1,22,26,'2013-03-27 12:31:05','HANS','2013-03-27 21:49:16','HANS'),(247,3,1,12,26,'2013-03-27 12:31:24','HANS','2013-03-27 21:49:16','HANS'),(248,3,3,60,26,'2013-03-27 12:31:36','HANS','2013-03-27 21:49:16','HANS'),(249,3,1,138,26,'2013-03-27 12:31:47','HANS','2013-03-27 21:49:16','HANS'),(250,1,40,82,27,'2013-03-27 12:32:41','INGE','2013-03-27 21:50:25','INGE'),(251,2,31,83,27,'2013-03-27 12:32:59','INGE','2013-03-27 21:50:25','INGE'),(252,3,4,13,27,'2013-03-27 12:33:36','INGE','2013-03-27 21:50:25','INGE'),(253,3,30,52,27,'2013-03-27 12:34:38','INGE','2013-03-27 21:50:25','INGE'),(254,3,1.5,60,27,'2013-03-27 12:35:07','INGE','2013-03-27 21:50:25','INGE'),(255,3,1,138,27,'2013-03-27 12:35:47','INGE','2013-03-27 21:50:25','INGE'),(256,4,5,138,25,'2013-03-27 12:36:58','INGE','2013-03-27 12:36:58','INGE'),(257,5,250,139,26,'2013-03-27 17:31:28','HANS','2013-03-27 21:49:16','HANS'),(258,4,1,59,26,'2013-03-27 17:31:52','HANS','2013-03-27 21:49:16','HANS'),(259,6,1,138,26,'2013-03-27 21:49:16','HANS','2013-03-27 21:49:16','HANS'),(260,5,1,121,27,'2013-03-27 21:50:00','INGE','2013-03-27 21:50:25','INGE'),(261,4,5,138,27,'2013-03-27 21:50:25','INGE','2013-03-27 21:50:25','INGE'),(262,1,40,56,28,'2013-03-28 07:13:22','HANS','2013-03-28 15:47:21','HANS'),(263,1,90,57,28,'2013-03-28 07:13:31','HANS','2013-03-28 15:47:21','HANS'),(264,1,1.5,13,28,'2013-03-28 07:13:45','HANS','2013-03-28 15:47:21','HANS'),(265,1,2,60,28,'2013-03-28 07:13:55','HANS','2013-03-28 15:47:21','HANS'),(266,1,40,82,29,'2013-03-28 15:36:45','INGE','2013-03-29 16:43:27','INGE'),(267,3,1,88,29,'2013-03-28 15:37:24','INGE','2013-03-29 16:43:27','INGE'),(268,3,0.7,134,29,'2013-03-28 15:37:49','INGE','2013-03-29 16:43:27','INGE'),(269,3,1.5,141,29,'2013-03-28 15:40:13','INGE','2013-03-29 16:43:27','INGE'),(270,4,1,85,29,'2013-03-28 15:40:32','INGE','2013-03-29 16:43:27','INGE'),(271,5,200,142,29,'2013-03-28 15:41:30','INGE','2013-03-29 16:43:27','INGE'),(272,5,2,13,29,'2013-03-28 15:42:34','INGE','2013-03-29 16:43:27','INGE'),(273,5,1,22,29,'2013-03-28 15:43:05','INGE','2013-03-29 16:43:27','INGE'),(274,3,4,13,28,'2013-03-28 15:44:24','HANS','2013-03-28 15:47:21','HANS'),(275,3,1,22,28,'2013-03-28 15:44:35','HANS','2013-03-28 15:47:21','HANS'),(276,3,30,66,28,'2013-03-28 15:44:50','HANS','2013-03-28 15:47:21','HANS'),(277,3,1.5,141,28,'2013-03-28 15:45:03','HANS','2013-03-28 15:47:21','HANS'),(278,5,300,142,28,'2013-03-28 15:45:51','HANS','2013-03-28 15:47:21','HANS'),(280,5,2,13,28,'2013-03-28 15:47:21','HANS','2013-03-28 15:47:21','HANS'),(281,5,200,70,30,'2013-03-28 18:52:59','HANS','2013-03-30 09:15:31','HANS'),(283,1,60,57,30,'2013-03-28 18:54:58','HANS','2013-03-30 09:15:31','HANS'),(284,1,22,56,30,'2013-03-28 18:55:11','HANS','2013-03-30 09:15:31','HANS'),(285,3,2,13,30,'2013-03-28 18:55:26','HANS','2013-03-30 09:15:31','HANS'),(286,3,1,22,30,'2013-03-28 18:55:38','HANS','2013-03-30 09:15:31','HANS'),(288,1,1,46,31,'2013-03-28 18:56:13','HANS','2013-03-31 08:55:35','HANS'),(289,1,60,57,31,'2013-03-28 18:56:35','HANS','2013-03-31 08:55:35','HANS'),(290,1,30,56,31,'2013-03-28 18:56:48','HANS','2013-03-31 08:55:35','HANS'),(291,1,1,13,30,'2013-03-29 08:30:25','HANS','2013-03-30 09:15:31','HANS'),(292,1,1,60,30,'2013-03-29 08:30:47','HANS','2013-03-30 09:15:31','HANS'),(293,2,2,13,30,'2013-03-29 10:21:19','HANS','2013-03-30 09:15:31','HANS'),(294,2,2,59,30,'2013-03-29 10:21:33','HANS','2013-03-30 09:15:31','HANS'),(295,1,40,82,32,'2013-03-29 16:39:43','INGE','2013-03-29 16:42:52','INGE'),(296,2,31,83,32,'2013-03-29 16:39:59','INGE','2013-03-29 16:42:52','INGE'),(297,2,0.5,76,32,'2013-03-29 16:40:19','INGE','2013-03-29 16:42:52','INGE'),(298,3,2.5,13,32,'2013-03-29 16:40:34','INGE','2013-03-29 16:42:52','INGE'),(299,4,6,145,32,'2013-03-29 16:42:52','INGE','2013-03-29 16:42:52','INGE'),(300,6,1,138,29,'2013-03-29 16:43:17','INGE','2013-03-29 16:43:27','INGE'),(301,6,2,88,29,'2013-03-29 16:43:27','INGE','2013-03-29 16:43:27','INGE'),(303,4,60,146,30,'2013-03-30 08:54:13','HANS','2013-03-30 09:15:31','HANS'),(304,4,20,116,30,'2013-03-30 08:54:26','HANS','2013-03-30 09:15:31','HANS'),(305,5,1,147,30,'2013-03-30 09:03:31','HANS','2013-03-30 09:15:31','HANS'),(306,5,150,67,30,'2013-03-30 09:03:43','HANS','2013-03-30 09:15:31','HANS'),(307,5,2,45,30,'2013-03-30 09:04:28','HANS','2013-03-30 09:15:31','HANS'),(308,6,2,150,30,'2013-03-30 09:10:28','HANS','2013-03-30 09:15:31','HANS'),(309,4,4,151,30,'2013-03-30 09:15:07','HANS','2013-03-30 09:15:31','HANS'),(310,3,1,59,31,'2013-03-30 12:45:07','HANS','2013-03-31 08:55:35','HANS'),(311,3,6,13,31,'2013-03-30 12:45:20','HANS','2013-03-31 08:55:35','HANS'),(312,3,1,22,31,'2013-03-30 12:45:42','HANS','2013-03-31 08:55:35','HANS'),(313,3,20,66,31,'2013-03-30 12:45:50','HANS','2013-03-31 08:55:35','HANS'),(314,3,1,50,31,'2013-03-30 12:45:58','HANS','2013-03-31 08:55:35','HANS'),(315,1,2,47,33,'2013-03-30 12:47:10','INGE','2013-03-30 12:48:22','INGE'),(317,3,75,48,33,'2013-03-30 12:47:53','INGE','2013-03-30 12:48:22','INGE'),(318,3,1,22,33,'2013-03-30 12:48:22','INGE','2013-03-30 12:48:22','INGE'),(319,4,2,201,31,'2013-03-30 18:59:45','HANS','2013-03-31 08:55:35','HANS'),(320,5,200,135,31,'2013-03-30 19:00:54','HANS','2013-03-31 08:55:35','HANS'),(321,5,2,110,31,'2013-03-30 19:01:27','HANS','2013-03-31 08:55:35','HANS'),(322,6,2,117,31,'2013-03-31 08:55:35','HANS','2013-03-31 08:55:35','HANS'),(323,1,1,46,34,'2013-03-31 08:55:58','HANS','2013-03-31 19:19:34','HANS'),(324,1,30,56,34,'2013-03-31 08:56:05','HANS','2013-03-31 19:19:34','HANS'),(325,1,70,57,34,'2013-03-31 08:56:11','HANS','2013-03-31 19:19:34','HANS'),(326,2,2,152,34,'2013-03-31 12:12:08','HANS','2013-03-31 19:19:34','HANS'),(327,3,5,13,34,'2013-03-31 12:12:35','HANS','2013-03-31 19:19:34','HANS'),(328,3,30,66,34,'2013-03-31 12:12:55','HANS','2013-03-31 19:19:34','HANS'),(329,3,30,52,34,'2013-03-31 12:13:10','HANS','2013-03-31 19:19:34','HANS'),(330,3,1,152,34,'2013-03-31 12:13:18','HANS','2013-03-31 19:19:34','HANS'),(331,6,2,152,34,'2013-03-31 19:15:31','HANS','2013-03-31 19:19:34','HANS'),(332,5,120,100,34,'2013-03-31 19:16:10','HANS','2013-03-31 19:19:34','HANS'),(333,5,90,153,34,'2013-03-31 19:18:20','HANS','2013-03-31 19:19:34','HANS'),(334,4,1,151,34,'2013-03-31 19:19:22','HANS','2013-03-31 19:19:34','HANS'),(335,5,1,70,34,'2013-03-31 19:19:34','HANS','2013-03-31 19:19:34','HANS'),(336,1,100,57,35,'2013-04-01 08:23:41','HANS','2013-04-02 07:04:49','HANS'),(337,1,40,56,35,'2013-04-01 08:23:47','HANS','2013-04-02 07:04:49','HANS'),(338,1,1,16,36,'2013-04-01 08:37:43','INGE','2013-04-01 17:01:06','INGE'),(339,1,40,82,36,'2013-04-01 08:37:56','INGE','2013-04-01 17:01:06','INGE'),(340,3,4,13,35,'2013-04-01 11:31:34','HANS','2013-04-02 07:04:49','HANS'),(341,3,40,154,35,'2013-04-01 11:31:43','HANS','2013-04-02 07:04:49','HANS'),(342,3,2,60,35,'2013-04-01 11:39:09','HANS','2013-04-02 07:04:49','HANS'),(343,2,1,155,36,'2013-04-01 11:42:38','INGE','2013-04-01 17:01:06','INGE'),(344,3,2,13,36,'2013-04-01 11:42:56','INGE','2013-04-01 17:01:06','INGE'),(345,3,1,22,36,'2013-04-01 11:43:07','INGE','2013-04-01 17:01:06','INGE'),(346,3,15,156,36,'2013-04-01 11:46:50','INGE','2013-04-01 17:01:06','INGE'),(347,3,1,152,35,'2013-04-01 11:56:46','HANS','2013-04-02 07:04:49','HANS'),(348,4,2,13,35,'2013-04-01 13:37:54','HANS','2013-04-02 07:04:49','HANS'),(349,4,2,60,35,'2013-04-01 13:38:10','HANS','2013-04-02 07:04:49','HANS'),(350,5,4,13,35,'2013-04-01 13:38:35','HANS','2013-04-02 07:04:49','HANS'),(352,5,400,143,35,'2013-04-01 13:41:09','HANS','2013-04-02 07:04:49','HANS'),(353,4,3,87,36,'2013-04-01 13:42:18','INGE','2013-04-01 17:01:06','INGE'),(354,5,1,159,36,'2013-04-01 17:00:30','INGE','2013-04-01 17:01:06','INGE'),(355,5,3,13,36,'2013-04-01 17:00:43','INGE','2013-04-01 17:01:06','INGE'),(356,5,1,74,36,'2013-04-01 17:01:06','INGE','2013-04-01 17:01:06','INGE'),(357,5,1,159,35,'2013-04-01 17:26:49','HANS','2013-04-02 07:04:49','HANS'),(358,5,2,74,35,'2013-04-01 17:27:10','HANS','2013-04-02 07:04:49','HANS'),(359,5,1,50,35,'2013-04-01 17:27:28','HANS','2013-04-02 07:04:49','HANS'),(360,4,1,201,35,'2013-04-01 17:28:06','HANS','2013-04-02 07:04:49','HANS'),(361,6,1,13,35,'2013-04-02 07:04:40','HANS','2013-04-02 07:04:49','HANS'),(362,6,1,152,35,'2013-04-02 07:04:49','HANS','2013-04-02 07:04:49','HANS'),(363,1,40,56,37,'2013-04-02 07:05:06','HANS','2013-04-02 19:14:19','HANS'),(364,1,100,57,37,'2013-04-02 07:05:12','HANS','2013-04-02 19:14:19','HANS'),(365,1,2,13,37,'2013-04-02 07:05:18','HANS','2013-04-02 19:14:19','HANS'),(366,1,1,60,37,'2013-04-02 07:05:23','HANS','2013-04-02 19:14:19','HANS'),(367,3,5,13,37,'2013-04-02 10:51:47','HANS','2013-04-02 19:14:19','HANS'),(368,3,20,154,37,'2013-04-02 10:52:01','HANS','2013-04-02 19:14:19','HANS'),(369,3,1,22,37,'2013-04-02 10:52:15','HANS','2013-04-02 19:14:19','HANS'),(370,3,1,50,37,'2013-04-02 10:52:29','HANS','2013-04-02 19:14:19','HANS'),(371,3,1,60,37,'2013-04-02 10:53:11','HANS','2013-04-02 19:14:19','HANS'),(372,1,40,82,38,'2013-04-02 11:10:42','INGE','2013-04-03 06:33:21','INGE'),(373,1,1,16,38,'2013-04-02 11:10:50','INGE','2013-04-03 06:33:21','INGE'),(374,3,2,13,38,'2013-04-02 11:11:11','INGE','2013-04-03 06:33:21','INGE'),(375,3,1,22,38,'2013-04-02 11:11:20','INGE','2013-04-03 06:33:21','INGE'),(376,3,2,155,38,'2013-04-02 11:11:32','INGE','2013-04-03 06:33:21','INGE'),(377,3,1,16,38,'2013-04-02 11:11:40','INGE','2013-04-03 06:33:21','INGE'),(378,4,1,155,38,'2013-04-02 14:28:23','INGE','2013-04-03 06:33:21','INGE'),(379,5,2,59,37,'2013-04-02 18:19:43','HANS','2013-04-02 19:14:19','HANS'),(380,5,80,68,37,'2013-04-02 18:20:10','HANS','2013-04-02 19:14:19','HANS'),(381,5,150,160,37,'2013-04-02 18:22:36','HANS','2013-04-02 19:14:19','HANS'),(382,5,80,64,37,'2013-04-02 18:24:34','HANS','2013-04-02 19:14:19','HANS'),(383,4,1,201,37,'2013-04-02 19:14:04','HANS','2013-04-02 19:14:19','HANS'),(384,6,1,13,37,'2013-04-02 19:14:19','HANS','2013-04-02 19:14:19','HANS'),(385,5,150,63,38,'2013-04-03 06:29:52','INGE','2013-04-03 06:33:21','INGE'),(386,5,100,64,38,'2013-04-03 06:32:07','INGE','2013-04-03 06:33:21','INGE'),(387,5,150,160,38,'2013-04-03 06:33:04','INGE','2013-04-03 06:33:21','INGE'),(388,4,2,138,38,'2013-04-03 06:33:21','INGE','2013-04-03 06:33:21','INGE'),(389,1,40,82,39,'2013-04-03 06:33:50','INGE','2013-04-03 21:01:26','INGE'),(390,1,120,57,40,'2013-04-03 06:54:09','HANS','2013-04-03 21:20:05','HANS'),(391,1,35,54,40,'2013-04-03 06:54:33','HANS','2013-04-03 21:20:05','HANS'),(392,1,1,13,40,'2013-04-03 06:54:45','HANS','2013-04-03 21:20:05','HANS'),(393,1,1,60,40,'2013-04-03 06:54:58','HANS','2013-04-03 21:20:05','HANS'),(394,2,100,104,39,'2013-04-03 08:52:13','INGE','2013-04-03 21:01:26','INGE'),(395,2,0.5,65,39,'2013-04-03 08:55:21','INGE','2013-04-03 21:01:26','INGE'),(396,3,2.5,13,39,'2013-04-03 11:25:54','INGE','2013-04-03 21:01:26','INGE'),(397,3,1,22,39,'2013-04-03 11:26:07','INGE','2013-04-03 21:01:26','INGE'),(398,3,2,138,39,'2013-04-03 11:26:15','INGE','2013-04-03 21:01:26','INGE'),(399,5,200,135,39,'2013-04-03 11:28:13','INGE','2013-04-03 21:01:26','INGE'),(400,5,1,130,39,'2013-04-03 11:28:33','INGE','2013-04-03 21:01:26','INGE'),(401,5,1.5,22,39,'2013-04-03 11:34:08','INGE','2013-04-03 21:01:26','INGE'),(402,3,5,13,40,'2013-04-03 11:35:19','HANS','2013-04-03 21:20:05','HANS'),(403,3,20,154,40,'2013-04-03 11:35:32','HANS','2013-04-03 21:20:05','HANS'),(404,3,1,22,40,'2013-04-03 11:35:44','HANS','2013-04-03 21:20:05','HANS'),(405,3,1,50,40,'2013-04-03 11:36:23','HANS','2013-04-03 21:20:05','HANS'),(406,3,1,60,40,'2013-04-03 11:36:33','HANS','2013-04-03 21:20:05','HANS'),(407,3,1,59,40,'2013-04-03 11:36:46','HANS','2013-04-03 21:20:05','HANS'),(408,4,1,201,40,'2013-04-03 20:52:58','HANS','2013-04-03 21:20:05','HANS'),(410,6,3,13,40,'2013-04-03 20:57:49','HANS','2013-04-03 21:20:05','HANS'),(411,6,1,59,40,'2013-04-03 20:58:58','HANS','2013-04-03 21:20:05','HANS'),(412,4,2,138,39,'2013-04-03 21:00:07','INGE','2013-04-03 21:01:26','INGE'),(418,5,1,161,40,'2013-04-03 21:04:01','HANS','2013-04-03 21:20:05','HANS'),(419,6,1,60,40,'2013-04-03 21:19:38','HANS','2013-04-03 21:20:05','HANS'),(420,1,4,13,41,'2013-04-04 13:13:31','HANS','2013-04-05 10:11:42','HANS'),(421,1,3,60,41,'2013-04-04 13:13:43','HANS','2013-04-05 10:11:42','HANS'),(422,3,5,13,41,'2013-04-04 13:13:55','HANS','2013-04-05 10:11:42','HANS'),(423,3,1,60,41,'2013-04-04 13:14:05','HANS','2013-04-05 10:11:42','HANS'),(424,3,1,22,41,'2013-04-04 13:14:17','HANS','2013-04-05 10:11:42','HANS'),(425,3,1,50,41,'2013-04-04 13:14:24','HANS','2013-04-05 10:11:42','HANS'),(426,3,1,163,41,'2013-04-04 13:17:35','HANS','2013-04-05 10:11:42','HANS'),(427,4,1,59,41,'2013-04-04 13:18:05','HANS','2013-04-05 10:11:42','HANS'),(428,4,1,162,41,'2013-04-04 13:18:21','HANS','2013-04-05 10:11:42','HANS'),(429,1,40,82,42,'2013-04-04 13:19:17','INGE','2013-04-05 17:51:31','INGE'),(430,2,2,138,42,'2013-04-04 13:19:27','INGE','2013-04-05 17:51:31','INGE'),(431,3,70,82,42,'2013-04-04 13:19:40','INGE','2013-04-05 17:51:31','INGE'),(432,4,3,162,42,'2013-04-04 13:20:09','INGE','2013-04-05 17:51:31','INGE'),(434,5,130,48,41,'2013-04-04 16:44:52','HANS','2013-04-05 10:11:42','HANS'),(435,1,1.5,13,43,'2013-04-05 10:05:27','HANS','2013-04-05 17:45:56','HANS'),(436,1,1,60,43,'2013-04-05 10:05:37','HANS','2013-04-05 17:45:56','HANS'),(437,1,30,56,43,'2013-04-05 10:05:59','HANS','2013-04-05 17:45:56','HANS'),(438,1,100,57,43,'2013-04-05 10:06:10','HANS','2013-04-05 17:45:56','HANS'),(439,3,4,13,43,'2013-04-05 10:06:22','HANS','2013-04-05 17:45:56','HANS'),(440,3,1,50,43,'2013-04-05 10:06:34','HANS','2013-04-05 17:45:56','HANS'),(442,3,1,22,43,'2013-04-05 10:07:04','HANS','2013-04-05 17:45:56','HANS'),(443,3,2,163,43,'2013-04-05 10:07:19','HANS','2013-04-05 17:45:56','HANS'),(444,5,200,142,42,'2013-04-05 10:11:20','HANS','2013-04-05 17:51:31','INGE'),(445,5,300,142,41,'2013-04-05 10:11:42','HANS','2013-04-05 10:11:42','HANS'),(446,5,80,48,42,'2013-04-05 10:12:54','INGE','2013-04-05 17:51:31','INGE'),(447,1,40,82,44,'2013-04-05 10:13:49','INGE','2013-04-05 17:44:45','INGE'),(448,3,2.5,13,44,'2013-04-05 10:14:13','INGE','2013-04-05 17:44:45','INGE'),(449,3,1.5,12,44,'2013-04-05 10:15:05','INGE','2013-04-05 17:44:45','INGE'),(450,3,1,141,44,'2013-04-05 15:18:24','INGE','2013-04-05 17:44:45','INGE'),(451,4,31,83,44,'2013-04-05 15:18:58','INGE','2013-04-05 17:44:45','INGE'),(452,5,1,164,43,'2013-04-05 16:26:50','HANS','2013-04-05 17:45:56','HANS'),(453,5,250,39,43,'2013-04-05 17:41:07','HANS','2013-04-05 17:45:56','HANS'),(454,6,5,167,43,'2013-04-05 17:42:08','HANS','2013-04-05 17:45:56','HANS'),(455,5,1,69,43,'2013-04-05 17:42:21','HANS','2013-04-05 17:45:56','HANS'),(456,5,1,164,44,'2013-04-05 17:43:43','INGE','2013-04-05 17:44:45','INGE'),(457,5,250,39,44,'2013-04-05 17:44:01','INGE','2013-04-05 17:44:45','INGE'),(458,6,1,167,44,'2013-04-05 17:44:45','INGE','2013-04-05 17:44:45','INGE'),(459,4,100,101,43,'2013-04-05 17:45:43','HANS','2013-04-05 17:45:56','HANS'),(460,4,4,138,42,'2013-04-05 17:49:45','INGE','2013-04-05 17:51:31','INGE'),(461,6,3,162,42,'2013-04-05 17:51:31','INGE','2013-04-05 17:51:31','INGE'),(462,1,2,47,45,'2013-04-05 17:52:32','INGE','2013-04-06 17:28:23','INGE'),(464,3,200,142,45,'2013-04-05 17:54:08','INGE','2013-04-06 17:28:23','INGE'),(465,3,2.5,13,45,'2013-04-05 17:54:26','INGE','2013-04-06 17:28:23','INGE'),(466,3,1,12,45,'2013-04-05 17:54:46','INGE','2013-04-06 17:28:23','INGE'),(467,5,250,39,45,'2013-04-05 17:55:07','INGE','2013-04-06 17:28:23','INGE'),(468,5,1,164,45,'2013-04-05 17:55:40','INGE','2013-04-06 17:28:23','INGE'),(470,1,1,46,46,'2013-04-06 08:08:09','HANS','2013-04-06 17:27:41','HANS'),(471,1,100,57,46,'2013-04-06 08:08:23','HANS','2013-04-06 17:27:41','HANS'),(472,1,40,54,46,'2013-04-06 08:08:39','HANS','2013-04-06 17:27:41','HANS'),(473,5,200,70,46,'2013-04-06 08:09:01','HANS','2013-04-06 17:27:41','HANS'),(474,3,105,48,46,'2013-04-06 08:21:46','HANS','2013-04-06 17:27:41','HANS'),(475,3,1,22,46,'2013-04-06 08:22:14','HANS','2013-04-06 17:27:41','HANS'),(477,1,1,16,45,'2013-04-06 11:09:17','INGE','2013-04-06 17:28:23','INGE'),(478,3,1,16,45,'2013-04-06 11:11:52','INGE','2013-04-06 17:28:23','INGE'),(479,3,250,142,46,'2013-04-06 11:14:37','HANS','2013-04-06 17:27:41','HANS'),(480,4,66,48,46,'2013-04-06 14:19:35','HANS','2013-04-06 17:27:41','HANS'),(481,4,1,60,46,'2013-04-06 14:19:50','HANS','2013-04-06 17:27:41','HANS'),(482,4,2,168,45,'2013-04-06 14:26:02','INGE','2013-04-06 17:28:23','INGE'),(483,5,200,39,46,'2013-04-06 17:25:56','HANS','2013-04-06 17:27:41','HANS'),(484,5,1,164,46,'2013-04-06 17:26:15','HANS','2013-04-06 17:27:41','HANS'),(486,5,1,59,46,'2013-04-06 17:27:41','HANS','2013-04-06 17:27:41','HANS'),(487,5,2,138,45,'2013-04-06 17:28:23','INGE','2013-04-06 17:28:23','INGE'),(488,1,1,16,47,'2013-04-07 07:51:25','INGE','2013-04-19 22:13:36','INGE'),(489,1,30,54,48,'2013-04-07 07:51:25','HANS','2013-04-08 14:31:15','HANS'),(490,1,80,57,48,'2013-04-07 07:51:44','HANS','2013-04-08 14:31:15','HANS'),(491,1,2,47,47,'2013-04-07 07:51:49','INGE','2013-04-19 22:13:36','INGE'),(492,1,1,46,48,'2013-04-07 07:52:11','HANS','2013-04-08 14:31:15','HANS'),(493,2,1,65,48,'2013-04-07 09:36:12','HANS','2013-04-08 14:31:15','HANS'),(494,3,1,169,48,'2013-04-07 12:03:21','HANS','2013-04-08 14:31:15','HANS'),(495,3,88,48,48,'2013-04-07 12:05:31','HANS','2013-04-08 14:31:15','HANS'),(496,3,1,22,48,'2013-04-07 12:05:44','HANS','2013-04-08 14:31:15','HANS'),(497,3,1,169,47,'2013-04-07 12:08:13','INGE','2013-04-19 22:13:36','INGE'),(498,3,65,48,47,'2013-04-07 12:08:25','INGE','2013-04-19 22:13:36','INGE'),(499,3,1,12,47,'2013-04-07 12:08:44','INGE','2013-04-19 22:13:36','INGE'),(500,3,1,50,48,'2013-04-07 12:12:39','HANS','2013-04-08 14:31:15','HANS'),(501,3,1,138,47,'2013-04-07 12:13:57','INGE','2013-04-19 22:13:36','INGE'),(502,3,65,48,48,'2013-04-07 12:22:51','HANS','2013-04-08 14:31:15','HANS'),(503,3,1,60,48,'2013-04-07 12:23:06','HANS','2013-04-08 14:31:15','HANS'),(505,4,1,83,47,'2013-04-07 15:22:05','INGE','2013-04-19 22:13:36','INGE'),(506,4,2,201,48,'2013-04-07 15:22:38','HANS','2013-04-08 14:31:15','HANS'),(507,5,200,170,48,'2013-04-07 17:39:03','HANS','2013-04-08 14:31:15','HANS'),(508,4,1,59,48,'2013-04-07 17:39:21','HANS','2013-04-08 14:31:15','HANS'),(509,5,1,140,48,'2013-04-07 17:39:53','HANS','2013-04-08 14:31:15','HANS'),(510,5,3,171,47,'2013-04-07 17:48:34','INGE','2013-04-19 22:13:36','INGE'),(511,5,200,70,48,'2013-04-07 17:49:32','HANS','2013-04-08 14:31:15','HANS'),(512,1,85,57,49,'2013-04-08 06:33:42','HANS','2013-04-08 22:03:24','HANS'),(513,1,30,54,49,'2013-04-08 06:33:59','HANS','2013-04-08 22:03:24','HANS'),(514,1,2,13,49,'2013-04-08 06:34:26','HANS','2013-04-08 22:03:24','HANS'),(515,1,2,60,49,'2013-04-08 06:34:44','HANS','2013-04-08 22:03:24','HANS'),(516,1,1,16,50,'2013-04-08 09:09:40','INGE','2013-04-09 20:06:02','INGE'),(517,1,40,82,50,'2013-04-08 09:09:51','INGE','2013-04-09 20:06:02','INGE'),(518,2,1,16,50,'2013-04-08 09:10:02','INGE','2013-04-09 20:06:02','INGE'),(519,2,2,172,50,'2013-04-08 09:13:15','INGE','2013-04-09 20:06:02','INGE'),(520,3,2,13,50,'2013-04-08 09:13:28','INGE','2013-04-09 20:06:02','INGE'),(521,3,30,137,50,'2013-04-08 09:13:53','INGE','2013-04-09 20:06:02','INGE'),(522,3,1,138,50,'2013-04-08 09:14:16','INGE','2013-04-09 20:06:02','INGE'),(525,4,1,85,50,'2013-04-08 09:15:39','INGE','2013-04-09 20:06:02','INGE'),(526,4,2,87,50,'2013-04-08 09:16:51','INGE','2013-04-09 20:06:02','INGE'),(527,3,5,13,49,'2013-04-08 10:07:06','HANS','2013-04-08 22:03:24','HANS'),(528,3,2,163,49,'2013-04-08 10:38:38','HANS','2013-04-08 22:03:24','HANS'),(529,3,3,60,49,'2013-04-08 10:39:02','HANS','2013-04-08 22:03:24','HANS'),(530,5,100,70,49,'2013-04-08 18:02:18','HANS','2013-04-08 22:03:24','HANS'),(531,5,1,59,49,'2013-04-08 18:02:41','HANS','2013-04-08 22:03:24','HANS'),(533,5,2,134,49,'2013-04-08 18:08:19','HANS','2013-04-08 22:03:24','HANS'),(534,1,2,13,51,'2013-04-09 06:42:12','HANS','2013-04-09 20:23:51','HANS'),(535,1,100,57,51,'2013-04-09 06:42:34','HANS','2013-04-09 20:23:51','HANS'),(536,1,30,54,51,'2013-04-09 06:43:41','HANS','2013-04-09 20:23:51','HANS'),(537,1,1,60,51,'2013-04-09 06:46:02','HANS','2013-04-09 20:23:51','HANS'),(538,3,5,13,51,'2013-04-09 10:44:17','HANS','2013-04-09 20:23:51','HANS'),(539,3,3,60,51,'2013-04-09 10:44:32','HANS','2013-04-09 20:23:51','HANS'),(540,3,2,163,51,'2013-04-09 10:44:56','HANS','2013-04-09 20:23:51','HANS'),(541,2,1,173,51,'2013-04-09 10:47:48','HANS','2013-04-09 20:23:51','HANS'),(543,3,2,13,52,'2013-04-09 10:48:57','INGE','2013-04-19 22:13:14','INGE'),(544,3,0.5,52,52,'2013-04-09 10:49:34','INGE','2013-04-19 22:13:14','INGE'),(545,1,40,82,52,'2013-04-09 10:50:04','INGE','2013-04-19 22:13:14','INGE'),(547,2,30,82,52,'2013-04-09 10:57:27','INGE','2013-04-19 22:13:14','INGE'),(548,3,100,104,52,'2013-04-09 10:57:53','INGE','2013-04-19 22:13:14','INGE'),(549,5,150,63,52,'2013-04-09 11:00:21','INGE','2013-04-19 22:13:14','INGE'),(550,5,200,63,51,'2013-04-09 11:00:47','HANS','2013-04-09 20:23:51','HANS'),(551,5,50,144,52,'2013-04-09 11:00:56','INGE','2013-04-19 22:13:14','INGE'),(552,5,100,144,51,'2013-04-09 11:01:02','HANS','2013-04-09 20:23:51','HANS'),(553,5,100,176,52,'2013-04-09 11:05:26','INGE','2013-04-19 22:13:14','INGE'),(556,3,0.75,138,52,'2013-04-09 11:08:06','INGE','2013-04-19 22:13:14','INGE'),(557,5,180,176,51,'2013-04-09 11:24:14','HANS','2013-04-09 20:23:51','HANS'),(558,3,1,59,51,'2013-04-09 11:24:42','HANS','2013-04-09 20:23:51','HANS'),(559,4,1.5,51,52,'2013-04-09 14:47:30','INGE','2013-04-19 22:13:14','INGE'),(560,6,3,59,51,'2013-04-09 18:44:09','HANS','2013-04-09 20:23:51','HANS'),(561,4,20,179,52,'2013-04-09 19:37:54','INGE','2013-04-19 22:13:14','INGE'),(562,6,20,82,52,'2013-04-09 19:40:04','INGE','2013-04-19 22:13:14','INGE'),(565,1,1.5,77,53,'2013-04-09 19:45:58','INGE','2013-04-11 09:15:21','INGE'),(566,1,2,13,53,'2013-04-09 19:46:12','INGE','2013-04-11 09:15:21','INGE'),(568,1,1,15,53,'2013-04-09 19:52:34','INGE','2013-04-11 09:15:21','INGE'),(571,3,2,13,53,'2013-04-09 19:56:47','INGE','2013-04-11 09:15:21','INGE'),(572,3,30,52,53,'2013-04-09 19:57:02','INGE','2013-04-11 09:15:21','INGE'),(573,3,1,124,53,'2013-04-09 19:57:15','INGE','2013-04-11 09:15:21','INGE'),(574,3,1.5,45,53,'2013-04-09 19:57:28','INGE','2013-04-11 09:15:21','INGE'),(575,5,100,66,53,'2013-04-09 19:58:31','INGE','2013-04-11 09:15:21','INGE'),(576,5,120,63,53,'2013-04-09 19:59:02','INGE','2013-04-11 09:15:21','INGE'),(577,5,0.25,77,53,'2013-04-09 19:59:30','INGE','2013-04-11 09:15:21','INGE'),(579,5,1,112,53,'2013-04-09 20:00:17','INGE','2013-04-11 09:15:21','INGE'),(580,4,30,83,53,'2013-04-09 20:01:36','INGE','2013-04-11 09:15:21','INGE'),(583,4,10,138,50,'2013-04-09 20:04:56','INGE','2013-04-09 20:06:02','INGE'),(584,5,2,134,50,'2013-04-09 20:05:44','INGE','2013-04-09 20:06:02','INGE'),(585,6,2,13,51,'2013-04-09 20:23:43','HANS','2013-04-09 20:23:51','HANS'),(586,6,2,60,51,'2013-04-09 20:23:51','HANS','2013-04-09 20:23:51','HANS'),(587,1,1.5,77,54,'2013-04-10 06:45:30','HANS','2013-04-11 06:24:40','HANS'),(588,1,4,13,54,'2013-04-10 06:45:46','HANS','2013-04-11 06:24:40','HANS'),(589,1,2,60,54,'2013-04-10 06:45:56','HANS','2013-04-11 06:24:40','HANS'),(590,2,1,173,54,'2013-04-10 09:19:50','HANS','2013-04-11 06:24:40','HANS'),(591,2,0.75,155,53,'2013-04-10 09:55:15','INGE','2013-04-11 09:15:21','INGE'),(592,3,1.5,134,54,'2013-04-10 10:50:25','HANS','2013-04-11 06:24:40','HANS'),(594,3,0.5,76,53,'2013-04-10 11:00:23','INGE','2013-04-11 09:15:21','INGE'),(595,3,2,59,53,'2013-04-10 11:06:47','INGE','2013-04-11 09:15:21','INGE'),(596,5,90,181,53,'2013-04-10 11:10:25','INGE','2013-04-11 09:15:21','INGE'),(597,4,1,152,54,'2013-04-10 17:50:55','HANS','2013-04-11 06:24:40','HANS'),(598,5,1,182,54,'2013-04-10 17:51:05','HANS','2013-04-11 06:24:40','HANS'),(599,6,2,59,54,'2013-04-10 17:51:16','HANS','2013-04-11 06:24:40','HANS'),(600,5,150,66,54,'2013-04-11 06:24:16','HANS','2013-04-11 06:24:40','HANS'),(601,1,2.5,13,55,'2013-04-11 06:25:40','HANS','2013-04-12 07:40:40','HANS'),(602,1,3,60,55,'2013-04-11 06:25:59','HANS','2013-04-12 07:40:40','HANS'),(603,1,80,57,55,'2013-04-11 06:26:44','HANS','2013-04-12 07:40:40','HANS'),(604,1,30,54,55,'2013-04-11 06:27:00','HANS','2013-04-12 07:40:40','HANS'),(605,6,1,155,53,'2013-04-11 09:15:21','INGE','2013-04-11 09:15:21','INGE'),(606,1,40,82,56,'2013-04-11 09:15:44','INGE','2013-04-19 22:12:53','INGE'),(607,3,2.5,13,56,'2013-04-11 09:16:01','INGE','2013-04-19 22:12:53','INGE'),(608,3,1,22,56,'2013-04-11 09:16:24','INGE','2013-04-19 22:12:53','INGE'),(609,3,20,180,56,'2013-04-11 09:16:39','INGE','2013-04-19 22:12:53','INGE'),(610,5,200,142,56,'2013-04-11 09:17:26','INGE','2013-04-19 22:12:53','INGE'),(611,5,1.5,13,56,'2013-04-11 09:17:43','INGE','2013-04-19 22:12:53','INGE'),(614,3,1,141,56,'2013-04-11 09:18:23','INGE','2013-04-19 22:12:53','INGE'),(615,4,31,83,56,'2013-04-11 09:19:18','INGE','2013-04-19 22:12:53','INGE'),(616,6,30,82,56,'2013-04-11 09:19:47','INGE','2013-04-19 22:12:53','INGE'),(617,3,250,183,56,'2013-04-11 09:24:27','INGE','2013-04-19 22:12:53','INGE'),(620,3,4,13,55,'2013-04-11 12:37:15','HANS','2013-04-12 07:40:40','HANS'),(621,3,1,22,55,'2013-04-11 12:37:22','HANS','2013-04-12 07:40:40','HANS'),(622,3,1,50,55,'2013-04-11 12:37:41','HANS','2013-04-12 07:40:40','HANS'),(623,3,1,163,55,'2013-04-11 12:38:07','HANS','2013-04-12 07:40:40','HANS'),(624,3,120,101,55,'2013-04-11 12:38:28','HANS','2013-04-12 07:40:40','HANS'),(625,4,3,59,55,'2013-04-11 16:43:20','HANS','2013-04-12 07:40:40','HANS'),(626,5,4,13,55,'2013-04-11 16:43:33','HANS','2013-04-12 07:40:40','HANS'),(627,5,1,22,55,'2013-04-11 16:43:43','HANS','2013-04-12 07:40:40','HANS'),(628,5,30,52,55,'2013-04-11 16:43:54','HANS','2013-04-12 07:40:40','HANS'),(629,5,300,142,55,'2013-04-11 16:44:24','HANS','2013-04-12 07:40:40','HANS'),(630,5,3,60,55,'2013-04-11 16:44:34','HANS','2013-04-12 07:40:40','HANS'),(632,1,40,82,57,'2013-04-12 07:37:07','INGE','2013-04-12 21:01:40','INGE'),(633,1,1,16,57,'2013-04-12 07:37:14','INGE','2013-04-12 21:01:40','INGE'),(634,3,2,13,57,'2013-04-12 07:37:26','INGE','2013-04-12 21:01:40','INGE'),(635,3,200,142,57,'2013-04-12 07:37:35','INGE','2013-04-12 21:01:40','INGE'),(636,3,10,52,57,'2013-04-12 07:37:49','INGE','2013-04-12 21:01:40','INGE'),(637,3,1,124,57,'2013-04-12 07:38:02','INGE','2013-04-12 21:01:40','INGE'),(638,3,1.5,45,57,'2013-04-12 07:38:11','INGE','2013-04-12 21:01:40','INGE'),(639,3,2,59,57,'2013-04-12 07:38:40','INGE','2013-04-12 21:01:40','INGE'),(640,6,2,59,55,'2013-04-12 07:40:40','HANS','2013-04-12 07:40:40','HANS'),(641,1,100,57,58,'2013-04-12 07:41:03','HANS','2013-04-12 17:48:29','HANS'),(642,1,30,54,58,'2013-04-12 07:41:19','HANS','2013-04-12 17:48:29','HANS'),(644,6,220,186,57,'2013-04-12 07:59:15','INGE','2013-04-12 21:01:40','INGE'),(646,6,80,188,57,'2013-04-12 08:03:55','INGE','2013-04-12 21:01:40','INGE'),(648,3,4,13,58,'2013-04-12 12:01:35','HANS','2013-04-12 17:48:29','HANS'),(649,3,1,22,58,'2013-04-12 12:01:49','HANS','2013-04-12 17:48:29','HANS'),(650,3,1,50,58,'2013-04-12 12:02:10','HANS','2013-04-12 17:48:29','HANS'),(651,3,20,66,58,'2013-04-12 12:02:36','HANS','2013-04-12 17:48:29','HANS'),(652,5,220,186,58,'2013-04-12 12:03:06','HANS','2013-04-12 17:48:29','HANS'),(653,4,80,189,57,'2013-04-12 17:24:45','INGE','2013-04-12 21:01:40','INGE'),(654,1,2,47,59,'2013-04-12 17:25:36','INGE','2013-04-14 12:00:12','INGE'),(655,1,1,16,59,'2013-04-12 17:25:47','INGE','2013-04-14 12:00:12','INGE'),(656,4,1,59,58,'2013-04-12 17:46:15','HANS','2013-04-12 17:48:29','HANS'),(657,5,100,188,58,'2013-04-12 17:46:48','HANS','2013-04-12 17:48:29','HANS'),(658,4,50,189,58,'2013-04-12 17:48:29','HANS','2013-04-12 17:48:29','HANS'),(659,6,1,155,57,'2013-04-12 21:01:40','INGE','2013-04-12 21:01:40','INGE'),(660,1,30,54,60,'2013-04-13 06:36:37','HANS','2013-04-13 20:51:14','HANS'),(661,1,80,57,60,'2013-04-13 06:36:53','HANS','2013-04-13 20:51:14','HANS'),(662,1,1,46,60,'2013-04-13 06:37:14','HANS','2013-04-13 20:51:14','HANS'),(663,3,60,48,59,'2013-04-13 08:27:52','INGE','2013-04-14 12:00:12','INGE'),(664,3,20,52,59,'2013-04-13 08:28:57','INGE','2013-04-14 12:00:12','INGE'),(665,3,1,124,59,'2013-04-13 08:29:08','INGE','2013-04-14 12:00:12','INGE'),(666,3,1.5,45,59,'2013-04-13 08:29:23','INGE','2013-04-14 12:00:12','INGE'),(667,3,1.25,155,59,'2013-04-13 08:32:10','INGE','2013-04-14 12:00:12','INGE'),(670,5,0.25,92,59,'2013-04-13 08:34:43','INGE','2013-04-14 12:00:12','INGE'),(671,5,2,74,59,'2013-04-13 08:34:56','INGE','2013-04-14 12:00:12','INGE'),(672,3,110,48,60,'2013-04-13 10:29:28','HANS','2013-04-13 20:51:14','HANS'),(673,3,0.5,22,60,'2013-04-13 10:30:41','HANS','2013-04-13 20:51:14','HANS'),(674,3,0.5,50,60,'2013-04-13 10:30:56','HANS','2013-04-13 20:51:14','HANS'),(675,3,32,66,60,'2013-04-13 10:31:15','HANS','2013-04-13 20:51:14','HANS'),(676,4,2,59,60,'2013-04-13 10:56:56','HANS','2013-04-13 20:51:14','HANS'),(678,4,65,48,60,'2013-04-13 14:36:47','HANS','2013-04-13 20:51:14','HANS'),(679,4,1,60,60,'2013-04-13 14:37:04','HANS','2013-04-13 20:51:14','HANS'),(680,4,1,201,60,'2013-04-13 15:10:42','HANS','2013-04-13 20:51:14','HANS'),(681,4,3,162,59,'2013-04-13 15:12:07','INGE','2013-04-14 12:00:12','INGE'),(683,4,2,201,59,'2013-04-13 15:12:43','INGE','2013-04-14 12:00:12','INGE'),(685,5,50,66,60,'2013-04-13 16:20:33','HANS','2013-04-13 20:51:14','HANS'),(686,5,250,39,60,'2013-04-13 16:20:55','HANS','2013-04-13 20:51:14','HANS'),(687,5,330,190,60,'2013-04-13 16:24:15','HANS','2013-04-13 20:51:14','HANS'),(688,5,80,64,60,'2013-04-13 20:51:14','HANS','2013-04-13 20:51:14','HANS'),(689,1,1,46,61,'2013-04-14 08:11:27','HANS','2013-04-14 20:14:34','HANS'),(690,1,66,48,61,'2013-04-14 08:12:18','HANS','2013-04-14 20:14:34','HANS'),(691,1,1,60,61,'2013-04-14 08:12:33','HANS','2013-04-14 20:14:34','HANS'),(692,1,2,47,62,'2013-04-14 08:13:24','INGE','2013-04-14 12:39:46','INGE'),(693,3,60,48,62,'2013-04-14 11:49:16','INGE','2013-04-14 12:39:46','INGE'),(694,3,1,22,62,'2013-04-14 11:49:31','INGE','2013-04-14 12:39:46','INGE'),(695,3,0.5,77,62,'2013-04-14 11:49:49','INGE','2013-04-14 12:39:46','INGE'),(696,3,150,48,61,'2013-04-14 11:49:50','HANS','2013-04-14 20:14:34','HANS'),(697,3,1,45,62,'2013-04-14 11:50:06','INGE','2013-04-14 12:39:46','INGE'),(698,3,30,52,61,'2013-04-14 11:50:29','HANS','2013-04-14 20:14:34','HANS'),(699,3,1,155,62,'2013-04-14 11:50:42','INGE','2013-04-14 12:39:46','INGE'),(700,3,0.5,22,61,'2013-04-14 11:50:49','HANS','2013-04-14 20:14:34','HANS'),(701,5,100,68,62,'2013-04-14 11:50:54','INGE','2013-04-14 12:39:46','INGE'),(702,3,0.5,50,61,'2013-04-14 11:51:05','HANS','2013-04-14 20:14:34','HANS'),(703,5,1,159,62,'2013-04-14 11:51:17','INGE','2013-04-14 12:39:46','INGE'),(704,5,2,74,62,'2013-04-14 11:51:32','INGE','2013-04-14 12:39:46','INGE'),(705,5,1,45,62,'2013-04-14 11:51:43','INGE','2013-04-14 12:39:46','INGE'),(706,4,50,189,59,'2013-04-14 11:53:20','INGE','2013-04-14 12:00:12','INGE'),(707,5,1.5,45,59,'2013-04-14 11:56:23','INGE','2013-04-14 12:00:12','INGE'),(708,5,200,39,59,'2013-04-14 11:57:10','INGE','2013-04-14 12:00:12','INGE'),(709,5,40,64,59,'2013-04-14 11:58:58','INGE','2013-04-14 12:00:12','INGE'),(710,5,40,66,59,'2013-04-14 11:59:11','INGE','2013-04-14 12:00:12','INGE'),(711,5,1,155,59,'2013-04-14 12:00:12','INGE','2013-04-14 12:00:12','INGE'),(712,4,1,59,61,'2013-04-14 12:39:07','HANS','2013-04-14 20:14:34','HANS'),(713,4,1,152,62,'2013-04-14 12:39:46','INGE','2013-04-14 12:39:46','INGE'),(714,5,250,39,61,'2013-04-14 20:12:53','HANS','2013-04-14 20:14:34','HANS'),(715,5,60,188,61,'2013-04-14 20:14:05','HANS','2013-04-14 20:14:34','HANS'),(716,6,2,59,61,'2013-04-14 20:14:34','HANS','2013-04-14 20:14:34','HANS'),(717,1,30,54,63,'2013-04-15 06:07:08','HANS','2013-04-15 11:11:18','HANS'),(718,1,120,57,63,'2013-04-15 06:07:28','HANS','2013-04-15 11:11:18','HANS'),(719,1,1,13,63,'2013-04-15 06:07:49','HANS','2013-04-15 11:11:18','HANS'),(720,1,1,60,63,'2013-04-15 06:08:08','HANS','2013-04-15 11:11:18','HANS'),(721,1,2,13,64,'2013-04-15 06:08:45','INGE','2013-04-15 17:27:18','INGE'),(722,1,4,15,64,'2013-04-15 06:09:15','INGE','2013-04-15 17:27:18','INGE'),(723,1,1,16,64,'2013-04-15 06:09:32','INGE','2013-04-15 17:27:18','INGE'),(724,2,1,173,63,'2013-04-15 06:57:41','HANS','2013-04-15 11:11:18','HANS'),(725,3,5,13,63,'2013-04-15 10:44:29','HANS','2013-04-15 11:11:18','HANS'),(726,3,20,66,63,'2013-04-15 10:44:55','HANS','2013-04-15 11:11:18','HANS'),(727,3,1,22,63,'2013-04-15 10:45:08','HANS','2013-04-15 11:11:18','HANS'),(728,3,1,50,63,'2013-04-15 10:45:43','HANS','2013-04-15 11:11:18','HANS'),(729,3,1,60,63,'2013-04-15 10:46:18','HANS','2013-04-15 11:11:18','HANS'),(730,2,31,83,64,'2013-04-15 10:47:51','INGE','2013-04-15 17:27:18','INGE'),(731,3,2.7,13,64,'2013-04-15 10:48:18','INGE','2013-04-15 17:27:18','INGE'),(732,3,1,22,64,'2013-04-15 10:48:53','INGE','2013-04-15 17:27:18','INGE'),(733,3,1.5,45,64,'2013-04-15 10:49:26','INGE','2013-04-15 17:27:18','INGE'),(734,5,50,191,64,'2013-04-15 10:57:52','INGE','2013-04-15 17:27:18','INGE'),(735,5,120,67,64,'2013-04-15 10:58:15','INGE','2013-04-15 17:27:18','INGE'),(736,3,2,59,63,'2013-04-15 11:09:44','HANS','2013-04-15 11:11:18','HANS'),(737,5,150,67,63,'2013-04-15 11:10:00','HANS','2013-04-15 11:11:18','HANS'),(738,5,100,191,63,'2013-04-15 11:10:15','HANS','2013-04-15 11:11:18','HANS'),(739,5,150,178,63,'2013-04-15 11:10:29','HANS','2013-04-15 11:11:18','HANS'),(740,5,0.7,148,64,'2013-04-15 17:26:36','INGE','2013-04-15 17:27:18','INGE'),(741,4,3,162,64,'2013-04-15 17:27:18','INGE','2013-04-15 17:27:18','INGE'),(742,1,4,13,65,'2013-04-16 06:11:25','HANS','2013-04-16 18:06:13','HANS'),(743,1,3,60,65,'2013-04-16 06:11:38','HANS','2013-04-16 18:06:13','HANS'),(744,1,40,82,66,'2013-04-16 11:12:14','INGE','2013-04-16 21:12:51','INGE'),(745,2,2,87,66,'2013-04-16 11:12:26','INGE','2013-04-16 21:12:51','INGE'),(746,3,4,13,66,'2013-04-16 11:13:01','INGE','2013-04-16 21:12:51','INGE'),(748,3,2,60,66,'2013-04-16 11:13:57','INGE','2013-04-16 21:12:51','INGE'),(749,3,1,22,66,'2013-04-16 11:14:07','INGE','2013-04-16 21:12:51','INGE'),(750,3,5,13,65,'2013-04-16 11:18:26','HANS','2013-04-16 18:06:13','HANS'),(752,3,4,60,65,'2013-04-16 11:18:40','HANS','2013-04-16 18:06:13','HANS'),(754,3,1,22,65,'2013-04-16 11:19:01','HANS','2013-04-16 18:06:13','HANS'),(755,3,1,50,65,'2013-04-16 11:19:16','HANS','2013-04-16 18:06:13','HANS'),(756,5,1,112,66,'2013-04-16 11:19:19','INGE','2013-04-16 21:12:51','INGE'),(757,3,20,66,65,'2013-04-16 11:19:38','HANS','2013-04-16 18:06:13','HANS'),(758,5,60,64,66,'2013-04-16 11:19:48','INGE','2013-04-16 21:12:51','INGE'),(759,5,150,63,65,'2013-04-16 11:20:39','HANS','2013-04-16 18:06:13','HANS'),(760,5,30,64,65,'2013-04-16 11:21:00','HANS','2013-04-16 18:06:13','HANS'),(761,4,20,194,66,'2013-04-16 15:56:59','INGE','2013-04-16 21:12:51','INGE'),(763,5,150,63,66,'2013-04-16 16:01:24','INGE','2013-04-16 21:12:51','INGE'),(764,5,80,66,65,'2013-04-16 18:05:56','HANS','2013-04-16 18:06:13','HANS'),(765,6,4,59,65,'2013-04-16 18:06:13','HANS','2013-04-16 18:06:13','HANS'),(766,5,66.7,66,66,'2013-04-16 21:12:08','INGE','2013-04-16 21:12:51','INGE'),(767,6,2.7,51,66,'2013-04-16 21:12:33','INGE','2013-04-16 21:12:51','INGE'),(768,1,2,13,67,'2013-04-16 21:13:27','INGE','2013-04-17 21:29:02','INGE'),(769,1,4,15,67,'2013-04-16 21:13:40','INGE','2013-04-17 21:29:02','INGE'),(770,1,1,16,67,'2013-04-16 21:13:55','INGE','2013-04-17 21:29:02','INGE'),(771,2,30,82,67,'2013-04-16 21:15:00','INGE','2013-04-17 21:29:02','INGE'),(772,2,1,16,67,'2013-04-16 21:15:08','INGE','2013-04-17 21:29:02','INGE'),(773,3,2,13,67,'2013-04-16 21:15:21','INGE','2013-04-17 21:29:02','INGE'),(777,5,350,134,67,'2013-04-16 21:17:51','INGE','2013-04-17 21:29:02','INGE'),(778,1,4,13,68,'2013-04-17 08:15:44','HANS','2013-04-17 18:14:36','HANS'),(779,1,3,60,68,'2013-04-17 08:16:03','HANS','2013-04-17 18:14:36','HANS'),(780,3,4,15,67,'2013-04-17 10:46:56','INGE','2013-04-17 21:29:02','INGE'),(781,3,4,13,68,'2013-04-17 11:13:06','HANS','2013-04-17 18:14:36','HANS'),(782,3,1,50,68,'2013-04-17 11:13:18','HANS','2013-04-17 18:14:36','HANS'),(783,3,1,15,68,'2013-04-17 11:13:53','HANS','2013-04-17 18:14:36','HANS'),(785,3,4,60,68,'2013-04-17 11:18:12','HANS','2013-04-17 18:14:36','HANS'),(786,5,350,134,68,'2013-04-17 18:11:59','HANS','2013-04-17 18:14:36','HANS'),(787,4,3,59,68,'2013-04-17 18:14:05','HANS','2013-04-17 18:14:36','HANS'),(788,4,3,87,67,'2013-04-17 21:28:48','INGE','2013-04-17 21:29:02','INGE'),(789,1,2,13,69,'2013-04-18 08:09:45','INGE','2013-04-19 22:12:09','INGE'),(790,1,4,15,69,'2013-04-18 08:09:54','INGE','2013-04-19 22:12:09','INGE'),(791,1,1,16,69,'2013-04-18 08:10:03','INGE','2013-04-19 22:12:09','INGE'),(792,2,1,16,69,'2013-04-18 08:10:44','INGE','2013-04-19 22:12:09','INGE'),(793,2,30,82,69,'2013-04-18 08:10:52','INGE','2013-04-19 22:12:09','INGE'),(796,3,1,141,69,'2013-04-18 08:12:25','INGE','2013-04-19 22:12:09','INGE'),(798,5,1,142,69,'2013-04-18 08:12:51','INGE','2013-04-19 22:12:09','INGE'),(799,5,1,13,69,'2013-04-18 08:13:00','INGE','2013-04-19 22:12:09','INGE'),(801,3,125,183,69,'2013-04-18 11:35:29','INGE','2013-04-19 22:12:09','INGE'),(802,3,1,155,69,'2013-04-18 11:35:53','INGE','2013-04-19 22:12:09','INGE'),(803,1,4,13,70,'2013-04-18 12:00:37','HANS','2013-04-18 17:22:35','HANS'),(804,1,3,60,70,'2013-04-18 12:01:01','HANS','2013-04-18 17:22:35','HANS'),(805,3,60,106,70,'2013-04-18 12:01:27','HANS','2013-04-18 17:22:35','HANS'),(806,3,100,99,70,'2013-04-18 12:01:44','HANS','2013-04-18 17:22:35','HANS'),(807,3,1,141,70,'2013-04-18 12:02:05','HANS','2013-04-18 17:22:35','HANS'),(808,5,5,13,70,'2013-04-18 17:22:03','HANS','2013-04-18 17:22:35','HANS'),(809,5,1,60,70,'2013-04-18 17:22:35','HANS','2013-04-18 17:22:35','HANS'),(810,4,1,85,69,'2013-04-18 19:15:28','INGE','2013-04-19 22:12:09','INGE'),(811,5,21,52,69,'2013-04-18 19:16:40','INGE','2013-04-19 22:12:09','INGE'),(812,6,0.7,13,69,'2013-04-18 19:17:03','INGE','2013-04-19 22:12:09','INGE'),(813,6,2,15,69,'2013-04-18 19:17:13','INGE','2013-04-19 22:12:09','INGE'),(814,6,2,88,69,'2013-04-18 19:17:25','INGE','2013-04-19 22:12:09','INGE'),(816,6,40,82,69,'2013-04-18 19:45:35','INGE','2013-04-19 22:12:09','INGE'),(817,5,125,39,71,'2013-04-18 19:46:04','INGE','2013-04-19 19:54:49','INGE'),(818,5,100,66,71,'2013-04-18 19:46:32','INGE','2013-04-19 19:54:49','INGE'),(819,5,45,196,71,'2013-04-18 19:51:45','INGE','2013-04-19 19:54:49','INGE'),(820,5,1,112,71,'2013-04-18 19:52:00','INGE','2013-04-19 19:54:49','INGE'),(821,5,5,111,71,'2013-04-18 19:52:13','INGE','2013-04-19 19:54:49','INGE'),(823,2,1,105,71,'2013-04-18 19:53:44','INGE','2013-04-19 19:54:49','INGE'),(824,1,2,13,72,'2013-04-19 06:57:21','HANS','2013-04-20 05:39:13','HANS'),(825,1,2,60,72,'2013-04-19 06:57:28','HANS','2013-04-20 05:39:13','HANS'),(831,2,1,105,72,'2013-04-19 11:18:48','HANS','2013-04-20 05:39:13','HANS'),(832,3,1,13,71,'2013-04-19 14:17:59','INGE','2013-04-19 19:54:49','INGE'),(833,3,20,52,71,'2013-04-19 14:18:09','INGE','2013-04-19 19:54:49','INGE'),(834,3,200,142,71,'2013-04-19 14:19:35','INGE','2013-04-19 19:54:49','INGE'),(835,4,10,156,71,'2013-04-19 14:19:54','INGE','2013-04-19 19:54:49','INGE'),(836,3,2,13,72,'2013-04-19 19:34:50','HANS','2013-04-20 05:39:13','HANS'),(837,3,2,60,72,'2013-04-19 19:35:16','HANS','2013-04-20 05:39:13','HANS'),(838,4,2,59,72,'2013-04-19 19:35:39','HANS','2013-04-20 05:39:13','HANS'),(839,5,250,66,72,'2013-04-19 19:35:55','HANS','2013-04-20 05:39:13','HANS'),(840,5,100,39,72,'2013-04-19 19:36:31','HANS','2013-04-20 05:39:13','HANS'),(841,6,1,197,72,'2013-04-19 19:40:31','HANS','2013-04-20 05:39:13','HANS'),(842,5,50,198,71,'2013-04-19 19:52:02','INGE','2013-04-19 19:54:49','INGE'),(843,6,3,199,71,'2013-04-19 19:54:49','INGE','2013-04-19 19:54:49','INGE'),(844,1,2,47,73,'2013-04-19 20:12:40','INGE','2013-04-20 10:41:25','INGE'),(846,3,20,52,73,'2013-04-19 20:13:05','INGE','2013-04-20 10:41:25','INGE'),(848,7,1,202,69,'2013-04-19 22:12:04','INGE','2013-04-19 22:12:09','INGE'),(849,7,1,202,56,'2013-04-19 22:12:49','INGE','2013-04-19 22:12:53','INGE'),(850,7,1,200,52,'2013-04-19 22:13:10','INGE','2013-04-19 22:13:14','INGE'),(851,7,4,201,47,'2013-04-19 22:13:33','INGE','2013-04-19 22:13:36','INGE'),(852,5,400,70,72,'2013-04-20 05:39:13','HANS','2013-04-20 05:39:13','HANS'),(853,1,2,46,74,'2013-04-20 06:22:46','HANS','2013-04-21 07:50:39','HANS'),(854,2,1,59,74,'2013-04-20 09:00:59','HANS','2013-04-21 07:50:39','HANS'),(855,7,2,201,74,'2013-04-20 09:01:22','HANS','2013-04-21 07:50:39','HANS'),(856,3,150,48,74,'2013-04-20 10:38:13','HANS','2013-04-21 07:50:39','HANS'),(857,3,0.5,22,74,'2013-04-20 10:38:30','HANS','2013-04-21 07:50:39','HANS'),(858,3,0.5,50,74,'2013-04-20 10:38:53','HANS','2013-04-21 07:50:39','HANS'),(859,3,20,52,74,'2013-04-20 10:39:07','HANS','2013-04-21 07:50:39','HANS'),(860,2,0.8,47,73,'2013-04-20 10:41:04','INGE','2013-04-20 10:41:25','INGE'),(861,3,45,48,73,'2013-04-20 10:41:25','INGE','2013-04-20 10:41:25','INGE'),(862,4,2,59,74,'2013-04-20 13:11:01','HANS','2013-04-21 07:50:39','HANS'),(863,5,250,29,74,'2013-04-20 22:38:39','HANS','2013-04-21 07:50:39','HANS'),(864,5,500,70,74,'2013-04-20 22:39:24','HANS','2013-04-21 07:50:39','HANS'),(865,5,2,151,74,'2013-04-20 22:39:55','HANS','2013-04-21 07:50:39','HANS'),(866,5,0.5,197,74,'2013-04-20 22:40:21','HANS','2013-04-21 07:50:39','HANS'),(867,5,100,64,74,'2013-04-20 22:40:53','HANS','2013-04-21 07:50:39','HANS'),(868,5,60,66,74,'2013-04-20 22:41:13','HANS','2013-04-21 07:50:39','HANS'),(869,5,200,135,74,'2013-04-20 22:41:57','HANS','2013-04-21 07:50:39','HANS'),(870,7,2,200,74,'2013-04-20 22:44:16','HANS','2013-04-21 07:50:39','HANS'),(871,1,30,54,75,'2013-04-21 07:37:11','HANS','2013-04-21 20:58:49','HANS'),(872,1,80,57,75,'2013-04-21 07:37:54','HANS','2013-04-21 20:58:49','HANS'),(873,1,1,46,75,'2013-04-21 07:38:19','HANS','2013-04-21 20:58:49','HANS'),(874,5,1,203,74,'2013-04-21 07:50:39','HANS','2013-04-21 07:50:39','HANS'),(875,3,60,48,75,'2013-04-21 11:29:16','HANS','2013-04-21 20:58:49','HANS'),(876,2,1,59,75,'2013-04-21 11:29:35','HANS','2013-04-21 20:58:49','HANS'),(877,3,0.5,22,75,'2013-04-21 11:30:13','HANS','2013-04-21 20:58:49','HANS'),(878,3,1,50,75,'2013-04-21 11:30:26','HANS','2013-04-21 20:58:49','HANS'),(879,5,250,135,75,'2013-04-21 20:50:30','HANS','2013-04-21 20:58:49','HANS'),(880,5,50,28,75,'2013-04-21 20:52:30','HANS','2013-04-21 20:58:49','HANS'),(881,5,20,80,75,'2013-04-21 20:52:57','HANS','2013-04-21 20:58:49','HANS'),(883,5,2,151,75,'2013-04-21 20:55:08','HANS','2013-04-21 20:58:49','HANS'),(884,5,2,29,75,'2013-04-21 20:55:42','HANS','2013-04-21 20:58:49','HANS'),(885,6,80,204,75,'2013-04-21 20:58:49','HANS','2013-04-21 20:58:49','HANS'),(886,1,30,54,76,'2013-04-22 06:09:52','HANS','2013-04-22 19:19:35','HANS'),(887,1,80,57,76,'2013-04-22 06:10:05','HANS','2013-04-22 19:19:35','HANS'),(888,1,1,13,76,'2013-04-22 06:10:18','HANS','2013-04-22 19:19:35','HANS'),(889,1,1,60,76,'2013-04-22 06:10:41','HANS','2013-04-22 19:19:35','HANS'),(890,1,2,13,77,'2013-04-22 08:20:16','INGE','2013-04-22 18:46:04','INGE'),(891,1,4,15,77,'2013-04-22 08:20:26','INGE','2013-04-22 18:46:04','INGE'),(892,1,1,16,77,'2013-04-22 08:20:36','INGE','2013-04-22 18:46:04','INGE'),(893,2,1,16,77,'2013-04-22 08:20:45','INGE','2013-04-22 18:46:04','INGE'),(894,2,2,205,77,'2013-04-22 08:21:40','INGE','2013-04-22 18:46:04','INGE'),(895,3,4,13,77,'2013-04-22 10:49:37','INGE','2013-04-22 18:46:04','INGE'),(896,3,1,22,77,'2013-04-22 10:49:45','INGE','2013-04-22 18:46:04','INGE'),(897,3,1,45,77,'2013-04-22 10:49:54','INGE','2013-04-22 18:46:04','INGE'),(898,3,2,60,77,'2013-04-22 10:50:09','INGE','2013-04-22 18:46:04','INGE'),(899,3,1.5,77,76,'2013-04-22 10:55:17','HANS','2013-04-22 19:19:35','HANS'),(900,3,4,13,76,'2013-04-22 10:55:35','HANS','2013-04-22 19:19:35','HANS'),(901,3,2,60,76,'2013-04-22 10:55:51','HANS','2013-04-22 19:19:35','HANS'),(902,3,1,59,76,'2013-04-22 10:56:19','HANS','2013-04-22 19:19:35','HANS'),(903,6,233.3,135,77,'2013-04-22 18:44:53','INGE','2013-04-22 18:46:04','INGE'),(904,6,1,22,77,'2013-04-22 18:45:11','INGE','2013-04-22 18:46:04','INGE'),(905,6,0.8,130,77,'2013-04-22 18:45:24','INGE','2013-04-22 18:46:04','INGE'),(906,4,17,189,77,'2013-04-22 18:46:04','INGE','2013-04-22 18:46:04','INGE'),(907,5,200,135,76,'2013-04-22 19:18:34','HANS','2013-04-22 19:19:35','HANS'),(908,5,1,130,76,'2013-04-22 19:18:52','HANS','2013-04-22 19:19:35','HANS'),(909,5,0.5,22,76,'2013-04-22 19:19:07','HANS','2013-04-22 19:19:35','HANS'),(910,6,3,59,76,'2013-04-22 19:19:21','HANS','2013-04-22 19:19:35','HANS'),(911,1,30,54,78,'2013-04-23 07:01:20','HANS','2013-04-23 16:52:18','HANS'),(912,1,88,57,78,'2013-04-23 07:01:39','HANS','2013-04-23 16:52:18','HANS'),(913,1,2,13,78,'2013-04-23 07:01:52','HANS','2013-04-23 16:52:18','HANS'),(914,1,1,60,78,'2013-04-23 07:02:06','HANS','2013-04-23 16:52:18','HANS'),(915,1,1,16,79,'2013-04-23 08:48:36','INGE','2013-04-24 11:07:58','INGE'),(916,1,40,82,79,'2013-04-23 08:48:50','INGE','2013-04-24 11:07:58','INGE'),(917,2,2,205,79,'2013-04-23 08:49:09','INGE','2013-04-24 11:07:58','INGE'),(918,3,1,141,78,'2013-04-23 13:05:43','HANS','2013-04-23 16:52:18','HANS'),(919,3,2,13,78,'2013-04-23 13:05:55','HANS','2013-04-23 16:52:18','HANS'),(920,3,2.7,13,79,'2013-04-23 13:06:02','INGE','2013-04-24 11:07:58','INGE'),(921,3,1,22,78,'2013-04-23 13:06:10','HANS','2013-04-23 16:52:18','HANS'),(922,3,1,22,79,'2013-04-23 13:06:12','INGE','2013-04-24 11:07:58','INGE'),(923,3,1,50,78,'2013-04-23 13:06:23','HANS','2013-04-23 16:52:18','HANS'),(924,3,1,141,79,'2013-04-23 13:06:24','INGE','2013-04-24 11:07:58','INGE'),(925,3,0.5,62,79,'2013-04-23 13:06:45','INGE','2013-04-24 11:07:58','INGE'),(926,4,1,206,79,'2013-04-23 16:33:47','INGE','2013-04-24 11:07:58','INGE'),(927,5,2,13,79,'2013-04-23 16:36:16','INGE','2013-04-24 11:07:58','INGE'),(928,5,50,159,79,'2013-04-23 16:36:40','INGE','2013-04-24 11:07:58','INGE'),(929,4,2,59,78,'2013-04-23 16:51:40','HANS','2013-04-23 16:52:18','HANS'),(930,5,250,135,78,'2013-04-23 16:51:50','HANS','2013-04-23 16:52:18','HANS'),(931,5,1,13,78,'2013-04-23 16:52:03','HANS','2013-04-23 16:52:18','HANS'),(932,5,1,60,78,'2013-04-23 16:52:18','HANS','2013-04-23 16:52:18','HANS'),(933,1,5,13,80,'2013-04-24 06:13:50','HANS','2013-04-24 17:19:56','HANS'),(934,1,3,60,80,'2013-04-24 06:14:07','HANS','2013-04-24 17:19:56','HANS'),(935,6,10,82,79,'2013-04-24 08:43:18','INGE','2013-04-24 11:07:58','INGE'),(936,7,0.7,202,79,'2013-04-24 08:43:52','INGE','2013-04-24 11:07:58','INGE'),(937,1,2.7,13,81,'2013-04-24 08:44:48','INGE','2013-04-24 10:51:57','INGE'),(938,1,4,15,81,'2013-04-24 08:45:00','INGE','2013-04-24 10:51:57','INGE'),(939,1,1,16,81,'2013-04-24 08:45:08','INGE','2013-04-24 10:51:57','INGE'),(940,2,1,16,81,'2013-04-24 08:45:16','INGE','2013-04-24 10:51:57','INGE'),(941,2,2,205,81,'2013-04-24 08:45:25','INGE','2013-04-24 10:51:57','INGE'),(942,3,4,13,81,'2013-04-24 08:45:39','INGE','2013-04-24 10:51:57','INGE'),(943,3,1,22,81,'2013-04-24 08:45:49','INGE','2013-04-24 10:51:57','INGE'),(944,3,1,124,81,'2013-04-24 08:45:59','INGE','2013-04-24 10:51:57','INGE'),(945,3,1.5,45,81,'2013-04-24 08:46:11','INGE','2013-04-24 10:51:57','INGE'),(946,5,200,39,81,'2013-04-24 08:46:31','INGE','2013-04-24 10:51:57','INGE'),(947,5,30,28,81,'2013-04-24 08:46:46','INGE','2013-04-24 10:51:57','INGE'),(948,5,1,112,81,'2013-04-24 08:46:56','INGE','2013-04-24 10:51:57','INGE'),(949,4,1,206,81,'2013-04-24 08:47:37','INGE','2013-04-24 10:51:57','INGE'),(952,6,1,207,81,'2013-04-24 08:50:20','INGE','2013-04-24 10:51:57','INGE'),(953,7,0.7,201,81,'2013-04-24 08:50:38','INGE','2013-04-24 10:51:57','INGE'),(954,3,4,60,81,'2013-04-24 10:51:23','INGE','2013-04-24 10:51:57','INGE'),(955,3,5,13,80,'2013-04-24 11:04:19','HANS','2013-04-24 17:19:56','HANS'),(956,3,2,60,80,'2013-04-24 11:04:29','HANS','2013-04-24 17:19:56','HANS'),(957,3,0.5,22,80,'2013-04-24 11:04:47','HANS','2013-04-24 17:19:56','HANS'),(958,3,1,50,80,'2013-04-24 11:05:09','HANS','2013-04-24 17:19:56','HANS'),(959,3,40,159,80,'2013-04-24 11:06:49','HANS','2013-04-24 17:19:56','HANS'),(960,3,2,59,80,'2013-04-24 11:07:13','HANS','2013-04-24 17:19:56','HANS'),(961,4,1,138,80,'2013-04-24 16:31:18','HANS','2013-04-24 17:19:56','HANS'),(962,5,250,39,80,'2013-04-24 17:18:44','HANS','2013-04-24 17:19:56','HANS'),(964,5,50,28,80,'2013-04-24 17:19:25','HANS','2013-04-24 17:19:56','HANS'),(965,5,1,112,80,'2013-04-24 17:19:56','HANS','2013-04-24 17:19:56','HANS'),(966,1,80,57,82,'2013-04-25 06:28:01','HANS','2013-04-25 17:19:08','HANS'),(967,1,30,54,82,'2013-04-25 06:28:12','HANS','2013-04-25 17:19:08','HANS'),(968,1,1,13,82,'2013-04-25 06:28:20','HANS','2013-04-25 17:19:08','HANS'),(969,1,1,60,82,'2013-04-25 06:28:29','HANS','2013-04-25 17:19:08','HANS'),(970,3,2,59,82,'2013-04-25 11:08:58','HANS','2013-04-25 17:19:08','HANS'),(971,3,5,13,82,'2013-04-25 11:09:12','HANS','2013-04-25 17:19:08','HANS'),(972,3,35,159,82,'2013-04-25 11:09:33','HANS','2013-04-25 17:19:08','HANS'),(973,3,0.5,22,82,'2013-04-25 11:09:46','HANS','2013-04-25 17:19:08','HANS'),(974,3,1,50,82,'2013-04-25 11:09:58','HANS','2013-04-25 17:19:08','HANS'),(975,1,40,82,83,'2013-04-25 11:10:39','INGE','2013-04-25 19:51:55','INGE'),(977,2,1,206,83,'2013-04-25 11:13:15','INGE','2013-04-25 19:51:55','INGE'),(978,3,3.3,13,83,'2013-04-25 11:13:59','INGE','2013-04-25 19:51:55','INGE'),(979,3,0.5,22,83,'2013-04-25 11:14:12','INGE','2013-04-25 19:51:55','INGE'),(980,3,2,60,83,'2013-04-25 11:14:31','INGE','2013-04-25 19:51:55','INGE'),(981,4,2,90,83,'2013-04-25 14:40:42','INGE','2013-04-25 19:51:55','INGE'),(982,4,1,173,82,'2013-04-25 14:43:12','HANS','2013-04-25 17:19:08','HANS'),(983,5,120,67,82,'2013-04-25 17:14:56','HANS','2013-04-25 17:19:08','HANS'),(984,5,100,159,82,'2013-04-25 17:15:11','HANS','2013-04-25 17:19:08','HANS'),(985,5,0.5,45,82,'2013-04-25 17:15:50','HANS','2013-04-25 17:19:08','HANS'),(986,5,100,67,83,'2013-04-25 17:17:03','INGE','2013-04-25 19:51:55','INGE'),(987,5,70,159,83,'2013-04-25 17:17:16','INGE','2013-04-25 19:51:55','INGE'),(988,5,1,77,83,'2013-04-25 17:18:36','INGE','2013-04-25 19:51:55','INGE'),(989,5,1,77,82,'2013-04-25 17:19:08','HANS','2013-04-25 17:19:08','HANS'),(990,6,2,90,83,'2013-04-25 19:51:55','INGE','2013-04-25 19:51:55','INGE'),(991,1,2,13,84,'2013-04-25 19:53:06','INGE','2013-04-27 10:18:49','INGE'),(992,1,4,15,84,'2013-04-25 19:53:30','INGE','2013-04-27 10:18:49','INGE'),(994,5,150,63,84,'2013-04-25 19:56:19','INGE','2013-04-27 10:18:49','INGE'),(995,5,60,188,84,'2013-04-25 19:57:00','INGE','2013-04-27 10:18:49','INGE'),(1000,3,80,66,84,'2013-04-25 20:09:23','INGE','2013-04-27 10:18:49','INGE'),(1001,3,7,74,84,'2013-04-25 20:09:34','INGE','2013-04-27 10:18:49','INGE'),(1002,2,1,206,84,'2013-04-25 20:09:57','INGE','2013-04-27 10:18:49','INGE'),(1003,1,1,13,85,'2013-04-26 07:02:56','HANS','2013-04-26 18:16:51','HANS'),(1004,1,2,60,85,'2013-04-26 07:03:07','HANS','2013-04-26 18:16:51','HANS'),(1005,1,1,59,85,'2013-04-26 07:03:18','HANS','2013-04-26 18:16:51','HANS'),(1006,1,80,57,85,'2013-04-26 07:03:32','HANS','2013-04-26 18:16:51','HANS'),(1007,1,30,54,85,'2013-04-26 07:03:44','HANS','2013-04-26 18:16:51','HANS'),(1008,3,1.8,121,85,'2013-04-26 11:30:46','HANS','2013-04-26 18:16:51','HANS'),(1009,3,1,208,84,'2013-04-26 12:29:01','INGE','2013-04-27 10:18:49','INGE'),(1010,4,3,59,85,'2013-04-26 18:13:19','HANS','2013-04-26 18:16:51','HANS'),(1011,5,100,188,85,'2013-04-26 18:14:02','HANS','2013-04-26 18:16:51','HANS'),(1012,5,250,195,85,'2013-04-26 18:14:42','HANS','2013-04-26 18:16:51','HANS'),(1013,5,375,70,85,'2013-04-26 18:16:14','HANS','2013-04-26 18:16:51','HANS'),(1014,5,70,179,85,'2013-04-26 18:16:51','HANS','2013-04-26 18:16:51','HANS'),(1015,1,1,46,86,'2013-04-27 06:49:16','HANS','2013-04-28 07:24:47','HANS'),(1016,1,80,57,86,'2013-04-27 06:49:34','HANS','2013-04-28 07:24:47','HANS'),(1017,1,30,54,86,'2013-04-27 06:49:53','HANS','2013-04-28 07:24:47','HANS'),(1018,1,2,47,87,'2013-04-27 10:14:15','INGE','2013-04-27 10:15:31','INGE'),(1019,3,60,100,87,'2013-04-27 10:14:30','INGE','2013-04-27 10:15:31','INGE'),(1020,3,35,159,87,'2013-04-27 10:15:04','INGE','2013-04-27 10:15:31','INGE'),(1021,3,1,77,87,'2013-04-27 10:15:31','INGE','2013-04-27 10:15:31','INGE'),(1022,4,2,90,84,'2013-04-27 10:16:25','INGE','2013-04-27 10:18:49','INGE'),(1023,3,95,48,86,'2013-04-27 10:16:54','HANS','2013-04-28 07:24:47','HANS'),(1024,3,40,188,86,'2013-04-27 10:17:40','HANS','2013-04-28 07:24:47','HANS'),(1025,5,30,179,84,'2013-04-27 10:17:55','INGE','2013-04-27 10:18:49','INGE'),(1026,3,1,112,86,'2013-04-27 10:17:56','HANS','2013-04-28 07:24:47','HANS'),(1027,6,4,199,84,'2013-04-27 10:18:15','INGE','2013-04-27 10:18:49','INGE'),(1028,3,1,22,86,'2013-04-27 10:18:24','HANS','2013-04-28 07:24:47','HANS'),(1029,3,1,50,86,'2013-04-27 10:18:38','HANS','2013-04-28 07:24:47','HANS'),(1030,6,7,155,84,'2013-04-27 10:18:49','INGE','2013-04-27 10:18:49','INGE'),(1031,3,45,48,86,'2013-04-27 10:27:28','HANS','2013-04-28 07:24:47','HANS'),(1032,3,1,60,86,'2013-04-27 10:28:10','HANS','2013-04-28 07:24:47','HANS'),(1033,3,1,59,86,'2013-04-27 10:41:18','HANS','2013-04-28 07:24:47','HANS'),(1034,4,3,209,86,'2013-04-27 13:32:18','HANS','2013-04-28 07:24:47','HANS'),(1035,5,250,210,86,'2013-04-27 18:57:04','HANS','2013-04-28 07:24:47','HANS'),(1036,5,250,67,86,'2013-04-27 19:00:46','HANS','2013-04-28 07:24:47','HANS'),(1037,6,40,48,86,'2013-04-28 07:24:14','HANS','2013-04-28 07:24:47','HANS'),(1038,6,1,59,86,'2013-04-28 07:24:36','HANS','2013-04-28 07:24:47','HANS'),(1039,7,2,201,86,'2013-04-28 07:24:47','HANS','2013-04-28 07:24:47','HANS'),(1040,1,1,46,88,'2013-04-28 07:25:23','HANS','2013-04-28 16:27:40','HANS'),(1041,3,5,13,88,'2013-04-28 14:53:18','HANS','2013-04-28 16:27:40','HANS'),(1042,3,1,22,88,'2013-04-28 14:53:30','HANS','2013-04-28 16:27:40','HANS'),(1043,3,1,50,88,'2013-04-28 14:53:42','HANS','2013-04-28 16:27:40','HANS'),(1044,3,30,66,88,'2013-04-28 14:53:54','HANS','2013-04-28 16:27:40','HANS'),(1045,4,1,59,88,'2013-04-28 14:54:19','HANS','2013-04-28 16:27:40','HANS'),(1046,4,2,13,88,'2013-04-28 14:54:31','HANS','2013-04-28 16:27:40','HANS'),(1047,4,2,60,88,'2013-04-28 14:54:46','HANS','2013-04-28 16:27:40','HANS'),(1048,7,2,201,88,'2013-04-28 14:55:21','HANS','2013-04-28 16:27:40','HANS'),(1049,5,3,212,88,'2013-04-28 16:27:40','HANS','2013-04-28 16:27:40','HANS'),(1050,1,30,54,89,'2013-04-29 06:09:24','HANS','2013-04-29 22:41:26','HANS'),(1051,1,90,57,89,'2013-04-29 06:09:34','HANS','2013-04-29 22:41:26','HANS'),(1052,1,1,13,89,'2013-04-29 06:10:12','HANS','2013-04-29 22:41:26','HANS'),(1053,1,1,60,89,'2013-04-29 06:10:22','HANS','2013-04-29 22:41:26','HANS'),(1054,3,4,13,89,'2013-04-29 17:26:29','HANS','2013-04-29 22:41:26','HANS'),(1055,3,1,22,89,'2013-04-29 17:26:40','HANS','2013-04-29 22:41:26','HANS'),(1056,3,1,50,89,'2013-04-29 17:26:52','HANS','2013-04-29 22:41:26','HANS'),(1057,3,30,66,89,'2013-04-29 17:27:03','HANS','2013-04-29 22:41:26','HANS'),(1058,4,1,14,89,'2013-04-29 17:27:20','HANS','2013-04-29 22:41:26','HANS'),(1059,5,300,134,89,'2013-04-29 17:27:55','HANS','2013-04-29 22:41:26','HANS'),(1060,1,40,82,92,'2013-04-29 22:35:18','INGE','2013-04-30 10:49:23','INGE'),(1061,2,2,206,92,'2013-04-29 22:35:28','INGE','2013-04-30 10:49:23','INGE'),(1062,3,1.3,13,92,'2013-04-29 22:35:40','INGE','2013-04-30 10:49:23','INGE'),(1063,3,30,180,92,'2013-04-29 22:35:52','INGE','2013-04-30 10:49:23','INGE'),(1064,4,20,123,92,'2013-04-29 22:36:07','INGE','2013-04-30 10:49:23','INGE'),(1065,5,298.4,134,92,'2013-04-29 22:36:27','INGE','2013-04-30 10:49:23','INGE'),(1066,6,2,59,89,'2013-04-29 22:41:26','HANS','2013-04-29 22:41:26','HANS'),(1067,1,32,54,91,'2013-04-30 06:10:00','HANS','2013-04-30 20:11:48','HANS'),(1068,1,80,57,91,'2013-04-30 06:10:20','HANS','2013-04-30 20:11:48','HANS'),(1069,1,1,13,91,'2013-04-30 06:10:32','HANS','2013-04-30 20:11:48','HANS'),(1070,1,1,60,91,'2013-04-30 06:10:48','HANS','2013-04-30 20:11:48','HANS'),(1071,3,5,13,91,'2013-04-30 10:39:34','HANS','2013-04-30 20:11:48','HANS'),(1072,3,2,50,91,'2013-04-30 10:39:54','HANS','2013-04-30 20:11:48','HANS'),(1073,3,1,22,91,'2013-04-30 10:40:08','HANS','2013-04-30 20:11:48','HANS'),(1074,3,30,66,91,'2013-04-30 10:40:36','HANS','2013-04-30 20:11:48','HANS'),(1076,1,40,82,90,'2013-04-30 10:58:29','INGE','2013-04-30 20:15:00','INGE'),(1077,2,2,87,90,'2013-04-30 11:14:20','INGE','2013-04-30 20:15:00','INGE'),(1078,3,2.7,13,90,'2013-04-30 11:14:35','INGE','2013-04-30 20:15:00','INGE'),(1079,3,30,180,90,'2013-04-30 11:14:48','INGE','2013-04-30 20:15:00','INGE'),(1080,3,2,60,90,'2013-04-30 11:15:00','INGE','2013-04-30 20:15:00','INGE'),(1081,5,2,214,91,'2013-04-30 20:06:52','HANS','2013-04-30 20:11:48','HANS'),(1082,5,80,215,91,'2013-04-30 20:08:20','HANS','2013-04-30 20:11:48','HANS'),(1083,5,1,50,91,'2013-04-30 20:08:58','HANS','2013-04-30 20:11:48','HANS'),(1084,5,330,211,91,'2013-04-30 20:11:20','HANS','2013-04-30 20:11:48','HANS'),(1085,6,3,59,91,'2013-04-30 20:11:48','HANS','2013-04-30 20:11:48','HANS'),(1086,4,1,87,90,'2013-04-30 20:12:40','INGE','2013-04-30 20:15:00','INGE'),(1087,5,3.2,214,90,'2013-04-30 20:13:19','INGE','2013-04-30 20:15:00','INGE'),(1088,5,50,215,90,'2013-04-30 20:13:47','INGE','2013-04-30 20:15:00','INGE'),(1089,5,6,45,90,'2013-04-30 20:14:36','INGE','2013-04-30 20:15:00','INGE'),(1090,6,1,59,90,'2013-04-30 20:15:00','INGE','2013-04-30 20:15:00','INGE'),(1091,1,32,54,93,'2013-05-01 07:18:33','HANS','2013-05-01 19:07:49','HANS'),(1092,1,82,57,93,'2013-05-01 07:20:06','HANS','2013-05-01 19:07:49','HANS'),(1093,1,1,13,93,'2013-05-01 07:21:08','HANS','2013-05-01 19:07:49','HANS'),(1094,1,1,60,93,'2013-05-01 07:22:23','HANS','2013-05-01 19:07:49','HANS'),(1095,2,2,13,93,'2013-05-01 13:10:05','HANS','2013-05-01 19:07:49','HANS'),(1096,2,1,60,93,'2013-05-01 13:10:17','HANS','2013-05-01 19:07:49','HANS'),(1097,3,5,13,93,'2013-05-01 13:10:26','HANS','2013-05-01 19:07:49','HANS'),(1098,3,3,60,93,'2013-05-01 13:10:36','HANS','2013-05-01 19:07:49','HANS'),(1099,3,1,22,93,'2013-05-01 13:10:44','HANS','2013-05-01 19:07:49','HANS'),(1100,3,1,50,93,'2013-05-01 13:11:01','HANS','2013-05-01 19:07:49','HANS'),(1101,3,2,163,93,'2013-05-01 13:11:26','HANS','2013-05-01 19:07:49','HANS'),(1102,4,2,59,93,'2013-05-01 19:06:58','HANS','2013-05-01 19:07:49','HANS'),(1103,7,2,201,93,'2013-05-01 19:07:07','HANS','2013-05-01 19:07:49','HANS'),(1104,5,250,134,93,'2013-05-01 19:07:40','HANS','2013-05-01 19:07:49','HANS'),(1105,1,35,54,94,'2013-05-02 08:43:34','HANS','2013-05-02 19:02:37','HANS'),(1106,1,85,57,94,'2013-05-02 08:43:44','HANS','2013-05-02 19:02:37','HANS'),(1107,1,2,13,94,'2013-05-02 08:43:52','HANS','2013-05-02 19:02:37','HANS'),(1108,1,3,60,94,'2013-05-02 08:44:00','HANS','2013-05-02 19:02:37','HANS'),(1109,3,150,99,94,'2013-05-02 19:00:58','HANS','2013-05-02 19:02:37','HANS'),(1110,3,60,106,94,'2013-05-02 19:01:12','HANS','2013-05-02 19:02:37','HANS'),(1111,3,85,29,94,'2013-05-02 19:01:45','HANS','2013-05-02 19:02:37','HANS'),(1112,5,20,156,94,'2013-05-02 19:02:03','HANS','2013-05-02 19:02:37','HANS'),(1113,5,2,13,94,'2013-05-02 19:02:13','HANS','2013-05-02 19:02:37','HANS'),(1114,4,1,173,94,'2013-05-02 19:02:37','HANS','2013-05-02 19:02:37','HANS'),(1115,1,4,13,95,'2013-05-04 06:16:14','HANS','2013-05-04 06:24:43','HANS'),(1116,1,3,60,95,'2013-05-04 06:17:03','HANS','2013-05-04 06:24:43','HANS'),(1120,3,1,121,95,'2013-05-04 06:20:04','HANS','2013-05-04 06:24:43','HANS'),(1121,3,20,96,95,'2013-05-04 06:20:19','HANS','2013-05-04 06:24:43','HANS'),(1122,3,15,217,95,'2013-05-04 06:20:32','HANS','2013-05-04 06:24:43','HANS'),(1123,5,250,216,95,'2013-05-04 06:20:56','HANS','2013-05-04 06:24:43','HANS'),(1124,5,400,195,95,'2013-05-04 06:21:20','HANS','2013-05-04 06:24:43','HANS'),(1126,6,2,206,95,'2013-05-04 06:23:17','HANS','2013-05-04 06:24:43','HANS'),(1127,5,250,70,95,'2013-05-04 06:24:14','HANS','2013-05-04 06:24:43','HANS'),(1128,7,2,201,95,'2013-05-04 06:24:43','HANS','2013-05-04 06:24:43','HANS'),(1129,1,2,46,96,'2013-05-04 06:25:04','HANS','2013-05-04 11:07:58','HANS'),(1130,3,85,48,96,'2013-05-04 10:53:44','HANS','2013-05-04 11:07:58','HANS'),(1131,3,30,52,96,'2013-05-04 10:54:03','HANS','2013-05-04 11:07:58','HANS'),(1132,3,1,50,96,'2013-05-04 10:54:36','HANS','2013-05-04 11:07:58','HANS'),(1133,5,2,218,96,'2013-05-04 11:06:08','HANS','2013-05-04 11:07:58','HANS'),(1134,5,140,219,96,'2013-05-04 11:06:20','HANS','2013-05-04 11:07:58','HANS'),(1135,3,50,48,96,'2013-05-04 11:07:32','HANS','2013-05-04 11:07:58','HANS'),(1136,3,2,60,96,'2013-05-04 11:07:58','HANS','2013-05-04 11:07:58','HANS'),(1137,1,45,56,97,'2017-08-01 14:14:35','HANS','2017-08-14 21:12:45','HANS'),(1138,1,100,57,97,'2017-08-01 14:15:31','HANS','2017-08-14 21:12:45','HANS'),(1139,1,3,173,97,'2017-08-01 14:15:49','HANS','2017-08-14 21:12:45','HANS'),(1140,3,350,190,97,'2017-08-01 14:16:12','HANS','2017-08-14 21:12:45','HANS'),(1141,3,1,161,97,'2017-08-01 14:16:33','HANS','2017-08-14 21:12:45','HANS'),(1142,5,120,66,97,'2017-08-01 20:35:42','HANS','2017-08-14 21:12:45','HANS'),(1143,5,150,39,97,'2017-08-01 20:36:00','HANS','2017-08-14 21:12:45','HANS'),(1144,5,8,149,97,'2017-08-01 20:38:28','HANS','2017-08-14 21:12:45','HANS'),(1145,6,1,59,97,'2017-08-01 20:39:05','HANS','2017-08-14 21:12:45','HANS'),(1147,1,30,54,99,'2017-08-15 07:11:58','HANS','2017-08-15 21:08:26','HANS'),(1149,1,1,55,99,'2017-08-15 07:13:05','HANS','2017-08-15 21:08:26','HANS'),(1150,1,140,220,99,'2017-08-15 07:21:18','HANS','2017-08-15 21:08:26','HANS'),(1152,1,140,100,98,'2017-08-15 07:23:06','HANS','2017-08-15 07:43:31','HANS'),(1153,1,6,60,98,'2017-08-15 07:23:38','HANS','2017-08-15 07:43:31','HANS'),(1157,3,200,100,98,'2017-08-15 07:29:29','HANS','2017-08-15 07:43:31','HANS'),(1158,3,6,60,98,'2017-08-15 07:29:46','HANS','2017-08-15 07:43:31','HANS'),(1159,3,2,221,98,'2017-08-15 07:33:17','HANS','2017-08-15 07:43:31','HANS'),(1160,3,1,222,98,'2017-08-15 07:36:21','HANS','2017-08-15 07:43:31','HANS'),(1161,5,140,100,98,'2017-08-15 07:36:42','HANS','2017-08-15 07:43:31','HANS'),(1162,5,15,223,98,'2017-08-15 07:41:00','HANS','2017-08-15 07:43:31','HANS'),(1163,3,15,223,98,'2017-08-15 07:41:11','HANS','2017-08-15 07:43:31','HANS'),(1164,5,2,221,98,'2017-08-15 07:41:31','HANS','2017-08-15 07:43:31','HANS'),(1165,5,1,222,98,'2017-08-15 07:41:42','HANS','2017-08-15 07:43:31','HANS'),(1166,5,5,60,98,'2017-08-15 07:41:53','HANS','2017-08-15 07:43:31','HANS'),(1167,7,1,200,98,'2017-08-15 07:42:28','HANS','2017-08-15 07:43:31','HANS'),(1168,5,2,203,98,'2017-08-15 07:43:31','HANS','2017-08-15 07:43:31','HANS'),(1169,3,4,13,99,'2017-08-15 09:13:12','HANS','2017-08-15 21:08:26','HANS'),(1170,3,1,221,99,'2017-08-15 09:13:25','HANS','2017-08-15 21:08:26','HANS'),(1171,3,40,66,99,'2017-08-15 09:14:30','HANS','2017-08-15 21:08:26','HANS'),(1172,3,1,222,99,'2017-08-15 09:14:48','HANS','2017-08-15 21:08:26','HANS'),(1175,3,250,143,99,'2017-08-15 09:50:58','HANS','2017-08-15 21:08:26','HANS'),(1176,4,2,13,99,'2017-08-15 12:52:38','HANS','2017-08-15 21:08:26','HANS'),(1178,4,1,224,99,'2017-08-15 12:56:40','HANS','2017-08-15 21:08:26','HANS'),(1180,5,140,226,99,'2017-08-15 18:47:55','HANS','2017-08-15 21:08:26','HANS'),(1181,5,2,227,99,'2017-08-15 18:49:45','HANS','2017-08-15 21:08:26','HANS'),(1182,5,60,228,99,'2017-08-15 18:51:46','HANS','2017-08-15 21:08:26','HANS'),(1183,5,70,229,99,'2017-08-15 18:54:50','HANS','2017-08-15 21:08:26','HANS'),(1184,7,2,200,99,'2017-08-15 18:55:18','HANS','2017-08-15 21:08:26','HANS'),(1186,7,2,201,99,'2017-08-15 21:07:17','HANS','2017-08-15 21:08:26','HANS'),(1188,1,40,54,100,'2017-08-16 08:11:28','HANS','2017-08-16 19:21:37','HANS'),(1189,1,130,220,100,'2017-08-16 08:11:42','HANS','2017-08-16 19:21:37','HANS'),(1190,1,1,55,100,'2017-08-16 08:11:50','HANS','2017-08-16 19:21:37','HANS'),(1191,2,1,173,100,'2017-08-16 08:12:00','HANS','2017-08-16 19:21:37','HANS'),(1193,3,1,121,100,'2017-08-16 14:46:12','HANS','2017-08-16 19:21:37','HANS'),(1194,3,1,14,100,'2017-08-16 14:47:15','HANS','2017-08-16 19:21:37','HANS'),(1195,3,150,70,100,'2017-08-16 14:47:33','HANS','2017-08-16 19:21:37','HANS'),(1196,3,80,48,100,'2017-08-16 19:20:46','HANS','2017-08-16 19:21:37','HANS'),(1197,5,4,13,100,'2017-08-16 19:21:08','HANS','2017-08-16 19:21:37','HANS'),(1198,5,2,221,100,'2017-08-16 19:21:22','HANS','2017-08-16 19:21:37','HANS'),(1199,5,2,222,100,'2017-08-16 19:21:37','HANS','2017-08-16 19:21:37','HANS');
/*!40000 ALTER TABLE `consumptiondetail` ENABLE KEYS */;
UNLOCK TABLES;

--
-- Table structure for table `favoriteproduct`
--

DROP TABLE IF EXISTS `favoriteproduct`;
/*!40101 SET @saved_cs_client     = @@character_set_client */;
/*!40101 SET character_set_client = utf8 */;
CREATE TABLE `favoriteproduct` (
  `id` int(11) NOT NULL AUTO_INCREMENT,
  `productid` int(11) NOT NULL,
  `userid` int(11) NOT NULL,
  PRIMARY KEY (`id`),
  UNIQUE KEY `UK_favoriteproduct` (`productid`,`userid`),
  KEY `userid` (`userid`),
  CONSTRAINT `favoriteproduct_ibfk_1` FOREIGN KEY (`productid`) REFERENCES `product` (`id`),
  CONSTRAINT `favoriteproduct_ibfk_2` FOREIGN KEY (`userid`) REFERENCES `user` (`id`)
) ENGINE=InnoDB DEFAULT CHARSET=utf8;
/*!40101 SET character_set_client = @saved_cs_client */;

--
-- Dumping data for table `favoriteproduct`
--

LOCK TABLES `favoriteproduct` WRITE;
/*!40000 ALTER TABLE `favoriteproduct` DISABLE KEYS */;
/*!40000 ALTER TABLE `favoriteproduct` ENABLE KEYS */;
UNLOCK TABLES;

--
-- Table structure for table `product`
--

DROP TABLE IF EXISTS `product`;
/*!40101 SET @saved_cs_client     = @@character_set_client */;
/*!40101 SET character_set_client = utf8 */;
CREATE TABLE `product` (
  `id` int(11) NOT NULL AUTO_INCREMENT,
  `name` char(255) NOT NULL,
  `unitid` int(11) NOT NULL,
  `amount` decimal(10,2) DEFAULT NULL,
  `points` decimal(10,2) DEFAULT NULL,
  `maxpoints` int(11) DEFAULT NULL,
  `description` varchar(255) DEFAULT NULL,
  `shared` bit(1) NOT NULL DEFAULT b'1',
  `classtype` char(1) NOT NULL DEFAULT 'P',
  `productcategoryid` int(11) DEFAULT NULL,
  `creationdate` timestamp NOT NULL DEFAULT CURRENT_TIMESTAMP,
  `creationuser` char(20) DEFAULT NULL,
  `updatedate` timestamp NOT NULL DEFAULT CURRENT_TIMESTAMP,
  `updateuser` char(20) DEFAULT NULL,
  PRIMARY KEY (`id`),
  KEY `unitid` (`unitid`),
  KEY `productcategoryid` (`productcategoryid`),
  CONSTRAINT `product_ibfk_1` FOREIGN KEY (`unitid`) REFERENCES `unit` (`id`),
  CONSTRAINT `product_ibfk_2` FOREIGN KEY (`productcategoryid`) REFERENCES `productcategory` (`id`)
) ENGINE=InnoDB AUTO_INCREMENT=230 DEFAULT CHARSET=utf8;
/*!40101 SET character_set_client = @saved_cs_client */;

--
-- Dumping data for table `product`
--

LOCK TABLES `product` WRITE;
/*!40000 ALTER TABLE `product` DISABLE KEYS */;
INSERT INTO `product` VALUES (12,'Maredsous light',19,1.00,2.00,NULL,'Maredsous light','','P',9,'2013-03-17 09:14:20','INGE','2013-03-17 09:14:20','INGE'),(13,'brood',19,2.00,3.00,NULL,'Grijs brood','','P',7,'2013-03-18 11:33:01','INGE','2013-03-18 11:33:01','INGE'),(14,'croissant',17,1.00,8.00,NULL,'','','P',7,'2013-03-12 21:44:37','INGE','2013-03-22 10:52:32','INGE'),(15,'Aldi - confituur Tamara, 4 vruchten',15,4.00,1.00,NULL,'4 kl = 20gr','','P',18,'2013-03-18 21:13:11','INGE','2013-04-09 19:52:10','INGE'),(16,'thee',18,1.00,0.00,NULL,'thee zonder suiker of met canderel','','P',14,'2013-03-17 08:58:43','INGE','2013-03-17 08:58:43','INGE'),(22,'magere ham',19,1.00,1.00,NULL,'37.5 gr magere hesp','','P',8,'2013-03-17 12:31:32','INGE','2013-03-17 12:31:32','HANS'),(26,'gepelde tomaten',13,250.00,3.00,NULL,'punten na te kijken !!!','','P',2,'2013-03-18 21:22:48','INGE','2013-03-18 21:22:48','INGE'),(27,'ajuin',14,200.00,0.00,0,'Ajuin','','P',2,'2013-03-18 21:21:59','INGE','2013-03-22 16:01:39','INGE'),(28,'gehakt : rund-varken',14,100.00,6.00,NULL,'','','P',4,'2013-03-17 09:04:08','INGE','2013-03-22 20:09:01','HANS'),(29,'rode wijn',13,125.00,4.00,NULL,'','','P',5,'2013-03-18 21:17:02','INGE','2013-03-18 21:17:02','INGE'),(32,'caf',18,1.00,0.00,NULL,'Zwarte koffie zonder suiker of met canderel','','P',14,'2013-03-17 09:01:17','INGE','2013-03-17 09:01:17','INGE'),(39,'rijst, gekookt',14,100.00,4.00,7,'100gr = 4 EL','','P',10,'2013-03-18 21:26:10','INGE','2013-03-18 21:26:10','INGE'),(40,'Nestl - Clusters',14,10.00,1.00,NULL,'flakes met honing en amandelen','','P',12,'2013-03-18 07:36:47','INGE','2013-03-18 07:36:47','INGE'),(41,'sinaasappelsap, vers geperst',13,200.00,2.00,NULL,'vers geperst','','P',1,'2013-03-20 16:59:36','INGE','2013-03-20 16:59:36','HANS'),(44,'tonijn in eigen nat',14,100.00,3.00,5,'Colruyt','','P',13,'2013-03-18 21:29:01','INGE','2013-03-18 21:29:01','INGE'),(45,'Devos-Lemmens - mayonnaise light met citroen',15,2.00,1.00,NULL,'1 kl = 5gr -> 0p','','P',11,'2013-03-20 19:35:02','INGE','2013-03-20 19:35:02','INGE'),(46,'boterkoek met rozijnen',17,1.00,8.00,NULL,'boterkoek met rozijnen','','P',7,'2013-03-17 09:00:20','INGE','2013-03-17 09:00:20','INGE'),(47,'chocoladekoek',17,1.00,8.00,NULL,'chocoladekoek met chocolade er bovenop','','P',7,'2013-03-17 09:01:22','INGE','2013-03-17 09:01:22','INGE'),(48,'stokbrood',14,45.00,3.00,NULL,'stock boord','','P',7,'2013-03-17 12:28:48','INGE','2013-03-17 12:28:48','HANS'),(50,'Aldi gatenkaas',19,1.00,2.00,NULL,'1 snede = 25gr','','P',9,'2013-03-18 21:17:35','INGE','2013-03-18 21:17:35','INGE'),(51,'LU - Prince chocoladesmaak',17,1.00,3.00,NULL,'1 koekje = 20gr','','P',15,'2013-03-17 12:43:55','INGE','2013-03-17 12:43:55','INGE'),(52,'filet de York ultrafijn',14,30.00,1.00,NULL,'1 portie = 30gr','','P',8,'2013-03-17 12:42:19','INGE','2013-03-17 12:42:19','INGE'),(53,'Eristoff margarita',13,250.00,6.00,NULL,'Blik Eristoff margarita','','P',5,'2013-03-17 16:27:06','HANS','2013-03-17 16:27:06','HANS'),(54,'Delhaize - muesli crunchy omega 3',14,10.00,1.00,NULL,'','','P',12,'2013-03-18 07:43:30','INGE','2013-03-18 07:43:30','INGE'),(55,'honing',15,2.00,1.00,NULL,'','','P',18,'2013-03-18 21:14:25','INGE','2013-03-18 21:14:25','INGE'),(56,'Delhaize - muesli crunchy choco',14,10.00,1.00,NULL,'','','P',12,'2013-03-18 07:45:13','INGE','2013-03-18 07:45:13','INGE'),(57,'Bio Pur Natur yoghurt',14,100.00,2.00,NULL,'','','P',9,'2013-03-18 07:49:06','INGE','2013-03-18 07:49:06','INGE'),(58,'Aldi rozijnenkoekje',17,1.00,1.00,NULL,'Aldi','','P',15,'2013-03-18 21:11:52','INGE','2013-04-13 06:46:46','HANS'),(59,'Cte D\'or melkchocolade',17,1.00,1.00,NULL,'kleine tablet','','P',16,'2013-03-18 21:11:20','INGE','2013-03-18 21:11:20','INGE'),(60,'Nutella chocopasta',15,1.00,1.00,NULL,'1 kl = 5gr','','P',16,'2013-03-18 18:23:21','INGE','2013-03-18 18:23:21','HANS'),(61,'Nescaf capucinno',15,1.00,1.00,NULL,'1 kl = 5gr','','P',14,'2013-03-18 11:38:56','INGE','2013-03-18 11:38:56','INGE'),(62,'magere melk',18,1.00,2.00,NULL,'1 tas = 250ml','','P',9,'2013-03-19 12:02:03','INGE','2013-03-19 12:02:03','INGE'),(63,'aardappelen natuur',14,100.00,2.00,7,'','','P',17,'2013-03-18 21:11:00','INGE','2013-03-18 21:11:00','INGE'),(64,'chipolata : rund-varken',14,100.00,6.00,NULL,'punten na te kijken !!!','','P',4,'2013-03-18 21:16:50','INGE','2013-04-02 18:24:23','HANS'),(65,'Kellogg\'s graanrepen - Special K chocolade',17,1.00,2.00,NULL,'1 stuk = 22gr','','P',12,'2013-03-20 07:35:52','INGE','2013-03-20 07:35:52','INGE'),(66,'kipfilet',14,100.00,3.00,5,'','','P',4,'2013-03-18 18:17:49','HANS','2013-03-18 18:17:49','HANS'),(67,'frieten gefrituurd',14,100.00,8.00,NULL,'','','P',17,'2013-03-18 18:38:45','INGE','2013-03-18 18:38:45','INGE'),(68,'aardappelen gebakken',14,100.00,4.00,NULL,'','','P',17,'2013-03-18 18:40:06','INGE','2013-03-18 18:40:06','INGE'),(69,'witte wijn, zoet',13,125.00,4.00,NULL,'','','P',5,'2013-03-18 21:18:34','INGE','2013-03-18 21:18:34','INGE'),(70,'witte wijn, droog',13,125.00,3.00,NULL,'','','P',5,'2013-03-18 21:18:55','INGE','2013-03-18 21:18:55','INGE'),(71,'ros wijn',13,125.00,3.00,NULL,'','','P',5,'2013-03-18 21:19:11','INGE','2013-03-18 21:19:11','INGE'),(72,'rijst, ongekookt',14,45.00,4.00,7,'','','P',10,'2013-03-18 21:26:43','INGE','2013-03-18 21:26:43','INGE'),(73,'vijgen, gedroogd',17,2.00,1.00,NULL,'2 stuks = 20gr na te kijken !!!','','P',1,'2013-03-19 11:48:45','INGE','2013-03-19 11:48:45','INGE'),(74,'Knorr - Saladmix vinaigrette in zakje',15,1.00,1.00,NULL,'1 kl = 5gr','','P',11,'2013-03-19 11:54:05','INGE','2013-03-19 11:54:05','INGE'),(75,'komkommer',14,100.00,0.00,0,'','','P',2,'2013-03-19 11:56:13','INGE','2013-03-19 11:56:13','INGE'),(76,'Caf matin',18,1.00,4.00,NULL,'250ml magere melk + 2 kl Nescaf capuccino','','R',14,'2013-03-19 12:06:33','INGE','2013-04-17 18:27:16','HANS'),(77,'ei',17,1.00,2.00,5,'1 groot eigen ei = 45gr','','P',9,'2013-03-19 12:14:44','HANS','2013-03-19 12:14:44','HANS'),(78,'Aldi - Dlifin spekreepjes natuur',14,100.00,7.00,NULL,'100gr = 1 bakje','','P',4,'2013-03-19 12:17:28','INGE','2013-03-19 12:17:28','INGE'),(79,'Boerenommelet',17,4.00,23.76,NULL,'','','R',19,'2013-03-19 12:18:36','HANS','2013-04-10 09:29:33','HANS'),(80,'Aldi - Melro gemalen kaas, emmental 45+',14,10.00,1.00,NULL,'','','P',9,'2013-03-19 17:01:56','INGE','2013-03-19 17:01:56','INGE'),(81,'Aldi - Melro lichte room, 7%',13,50.00,1.00,NULL,'','','P',9,'2013-03-19 17:05:57','INGE','2013-03-19 17:05:57','INGE'),(82,'Kellogg\'s Extra crunchy muesli, dark chocolate',14,10.00,1.00,NULL,'','','P',12,'2013-03-20 07:34:54','INGE','2013-03-20 07:34:54','INGE'),(83,'Aldi - WeightControl bar, caramel',14,31.00,3.00,NULL,'','','P',3,'2013-03-20 08:45:49','INGE','2013-03-20 08:45:49','INGE'),(84,'Noten, gemengd',14,10.00,2.00,NULL,'','','P',20,'2013-03-20 16:46:11','INGE','2013-03-20 16:46:11','INGE'),(85,'appel',17,1.00,0.00,0,'','','P',1,'2013-03-20 16:47:42','INGE','2013-03-20 16:47:42','INGE'),(86,'fruitsla, vers',18,1.00,0.00,0,'','','P',1,'2013-03-20 16:49:09','INGE','2013-03-20 16:49:09','INGE'),(87,'Aldi - Fruitbiscuits, rozijnen',17,3.00,5.00,NULL,'3 stuks =  3 koekjes of 1 volledig pakje','','P',15,'2013-03-20 16:51:19','HANS','2013-03-20 16:51:19','HANS'),(88,'Aldi - Swing orangettes',17,1.00,1.00,NULL,'','','P',3,'2013-03-20 16:53:40','HANS','2013-03-20 16:53:40','HANS'),(89,'Aldi - Delser mini-crackers, zout',17,4.00,3.00,NULL,'4 stuks = 1 pakje','','P',21,'2013-03-20 16:56:22','INGE','2013-03-20 16:56:22','HANS'),(90,'Aldi - Monarc les malins plaisirs, zwarte chocolade',17,2.00,3.00,NULL,'2 stuks = 1 pakje','','P',15,'2013-03-20 16:58:01','HANS','2013-03-20 16:58:01','HANS'),(91,'Speksla',17,2.00,16.20,NULL,'','','R',19,'2013-03-20 19:12:52','INGE','2013-03-26 08:59:47','INGE'),(92,'sla, vers',17,1.00,0.00,0,'','','P',2,'2013-03-20 19:13:41','INGE','2013-03-20 19:13:41','INGE'),(93,'paprika',17,1.00,0.00,0,'','','P',2,'2013-03-20 19:14:06','INGE','2013-03-20 19:14:06','INGE'),(94,'Aldi - mager ontbijtspek',14,150.00,11.00,NULL,'','','P',4,'2013-03-20 19:17:08','INGE','2013-03-20 19:17:08','INGE'),(95,'Balsamico azijn',13,20.00,0.00,0,'','','P',11,'2013-03-20 19:18:33','INGE','2013-03-20 19:18:33','INGE'),(96,'Aldi - croutons Italiaanse mix',14,150.00,21.00,NULL,'','','P',11,'2013-03-20 19:30:48','INGE','2013-03-20 19:30:48','INGE'),(97,'wortelen',14,100.00,0.00,0,'','','P',2,'2013-03-20 19:35:51','INGE','2013-03-20 19:35:51','INGE'),(98,'gerookte forel',14,50.00,1.00,NULL,NULL,'','P',13,'2013-03-21 18:05:38','HANS','2013-03-21 19:01:07','HANS'),(99,'gerookte zalm',14,50.00,2.00,NULL,'','','P',13,'2013-03-21 18:06:46','HANS','2013-03-21 18:34:31','INGE'),(100,'pistolet',14,40.00,3.00,NULL,'pistolet','','P',7,'2013-03-21 18:08:02','HANS','2013-03-21 18:08:02','HANS'),(101,'Ikea appelcake',14,60.00,5.00,NULL,'Ikea appelcake','','P',15,'2013-03-21 18:08:56','HANS','2013-03-21 18:12:09','HANS'),(102,'Minestrone met vermicelli',13,200.00,1.00,NULL,'','','P',22,'2013-03-21 18:15:10','HANS','2013-03-22 08:24:24','INGE'),(103,'chocoladetaart',14,100.00,10.00,NULL,'100 gr = 1 punt','','P',17,'2013-03-21 18:37:10','INGE','2013-03-21 18:37:10','INGE'),(104,'Danone - verse kaas, mager',14,100.00,2.00,NULL,'100gr = 1 potje','','P',9,'2013-03-22 07:25:29','INGE','2013-03-22 07:25:29','INGE'),(105,'Ikea ontbijt',17,1.00,13.00,NULL,'','','R',19,'2013-03-22 10:51:20','INGE','2013-04-19 11:18:27','HANS'),(106,'Ikea - pistolet, wit',14,60.00,4.00,NULL,'','','P',7,'2013-03-22 10:54:45','INGE','2013-03-22 10:54:45','INGE'),(107,'ikea - croissant',17,1.00,7.00,NULL,'','','P',7,'2013-03-22 10:57:32','INGE','2013-03-22 11:01:52','INGE'),(108,'Ikea - jonge kaas',17,1.00,2.00,NULL,'','','P',9,'2013-03-22 10:58:31','INGE','2013-03-22 11:02:20','INGE'),(109,'Ikea - Hotcemel',17,1.00,4.00,NULL,'punten na te kijken !!','','P',5,'2013-03-22 11:01:04','INGE','2013-03-22 11:04:33','INGE'),(110,'Balletjes in tomatensaus',17,25.00,111.30,NULL,'','','R',19,'2013-03-22 16:00:52','INGE','2013-03-25 17:35:47','INGE'),(111,'Anco - paneermeel, original',14,200.00,18.00,NULL,'','','P',11,'2013-03-22 16:05:38','INGE','2013-03-22 16:05:38','INGE'),(112,'olijfolie',15,1.00,1.00,NULL,'','','P',20,'2013-03-22 16:08:51','INGE','2013-03-22 16:08:51','INGE'),(113,'look',17,1.00,0.00,0,'','','P',2,'2013-03-22 16:10:28','INGE','2013-03-22 16:10:28','INGE'),(114,'Aldi - Palazzo tomatenblokjes met basilicum',14,400.00,2.00,NULL,'','','P',2,'2013-03-22 16:14:44','INGE','2013-03-22 16:14:44','INGE'),(115,'Aldi - Palazzo tomatenpuree',14,70.00,2.00,NULL,'70gr = 1 klein blikje','','P',2,'2013-03-22 16:17:15','INGE','2013-03-22 16:17:15','INGE'),(116,'Carrefour - ribblechips, zout en peper',14,20.00,3.00,NULL,'','','P',30,'2013-03-22 20:19:01','INGE','2013-03-22 20:19:35','INGE'),(117,'Aldi - Monarc, mini koekjes met chocolade en melkvulling',17,6.00,5.00,NULL,'6stuks = 1 pakje','','P',15,'2013-03-23 14:24:57','INGE','2013-03-23 14:24:57','INGE'),(121,'Kipsla',17,1.00,5.60,NULL,'te controleren !!','','R',19,'2013-03-24 15:35:43','HANS','2013-03-24 19:23:58','INGE'),(122,'sinaasappel',17,1.00,0.00,NULL,'','','P',1,'2013-03-24 15:36:44','HANS','2013-03-24 15:36:44','HANS'),(123,'Aldi - boterkrakelingen',14,10.00,1.00,NULL,'','','P',15,'2013-03-24 19:21:00','INGE','2013-03-24 19:21:00','INGE'),(124,'witloof',17,1.00,0.00,NULL,'','','P',2,'2013-03-25 12:14:00','HANS','2013-03-25 12:14:00','HANS'),(125,'Chicons gratin',17,12.00,61.00,NULL,'','','R',19,'2013-03-25 12:14:48','HANS','2013-04-10 09:29:55','HANS'),(126,'Aldi - Family Butella margarine',14,10.00,2.00,NULL,'','','P',9,'2013-03-25 17:20:28','INGE','2013-03-25 17:20:28','INGE'),(127,'Delhaize - Emmental light kaas, geraspt',14,10.00,1.00,NULL,'','','P',9,'2013-03-25 17:21:35','INGE','2013-03-25 17:21:35','INGE'),(128,'Bloem, alle soorten',14,10.00,2.00,NULL,'','','P',17,'2013-03-25 17:23:53','INGE','2013-03-25 17:23:53','INGE'),(129,'water, alle soorten',13,100.00,0.00,0,'','','P',5,'2013-03-25 17:27:47','INGE','2013-03-25 17:27:47','INGE'),(130,'Kaassaus',17,12.00,43.00,NULL,'nog gram uitrekenen !!!!','','R',19,'2013-03-25 17:31:21','INGE','2013-04-22 17:00:53','INGE'),(131,'bouillonblokje, mager',17,1.00,0.00,NULL,'','','P',11,'2013-03-25 17:34:48','INGE','2013-03-25 17:34:48','INGE'),(132,'Aldi - Milsani mascarpone',14,250.00,28.00,NULL,'1 pot = 250gr','','P',9,'2013-03-26 08:50:33','INGE','2013-03-26 08:50:33','INGE'),(133,'spinazie, diepvries',14,400.00,0.00,0,'','','P',2,'2013-03-26 08:52:10','INGE','2013-03-26 08:52:10','INGE'),(134,'Strikjes schotel',14,2300.00,92.50,NULL,'','','R',19,'2013-03-26 08:53:40','INGE','2013-04-17 18:11:08','HANS'),(135,'pasta, alle soorten, gekookt',14,100.00,3.00,7,'','','P',10,'2013-03-26 08:55:51','INGE','2013-03-26 08:55:51','INGE'),(136,'pasta, alle soorten, ongekookt',14,30.00,3.00,7,'','','P',10,'2013-03-26 08:56:44','INGE','2013-03-26 08:56:44','INGE'),(137,'Maredsous light, 15%',14,30.00,2.00,NULL,'30gr = 1 snede','','P',9,'2013-03-26 11:37:52','INGE','2013-03-26 11:37:52','INGE'),(138,'Mars mini',17,1.00,2.00,NULL,'1 mini mars = 20gr','','P',16,'2013-03-26 11:40:54','INGE','2013-03-26 11:40:54','INGE'),(139,'Pasteria - Tortelloni ricotta spinazie',14,250.00,19.00,NULL,'','','P',10,'2013-03-27 17:28:57','HANS','2013-03-27 17:28:57','HANS'),(140,'Dr Oetker - Pizza 4 fromaggi',17,6.00,22.00,NULL,'6 st = 340 gr','','P',32,'2013-03-27 17:31:00','HANS','2013-04-28 16:25:08','HANS'),(141,'Ikea - chocolade taart',17,1.00,8.00,NULL,'','','P',3,'2013-03-28 15:39:55','INGE','2013-03-28 15:39:55','INGE'),(142,'preisoep',13,200.00,1.00,NULL,'punten afhankelijk vd aardappel !!!','','P',22,'2013-03-28 15:41:15','INGE','2013-03-28 17:04:58','INGE'),(143,'Preisoep',13,2000.00,4.50,NULL,'','','R',22,'2013-03-28 17:05:51','INGE','2013-04-01 13:40:19','HANS'),(144,'prei',14,100.00,0.00,0,'','','P',2,'2013-03-28 17:06:23','INGE','2013-03-28 17:06:23','INGE'),(145,'Dove caramel',17,2.00,6.00,NULL,'2 stuks = 1 pakje','','P',16,'2013-03-29 16:42:38','INGE','2013-03-29 16:42:38','INGE'),(146,'harde kaas, 30+',14,30.00,2.00,NULL,'30 gr = 1 portie','','P',9,'2013-03-30 08:53:47','HANS','2013-03-30 08:53:47','HANS'),(147,'Kalflapje met wijn sauce',17,1.00,6.20,NULL,'Kalflapje van Moeke, met wijn en crme ','','R',19,'2013-03-30 08:57:01','HANS','2013-03-30 09:01:51','HANS'),(148,'kalfsvlees, lapje',17,1.00,3.00,5,'1 lapje = 120 gr','','P',4,'2013-03-30 08:58:45','HANS','2013-03-30 08:58:45','HANS'),(149,'room, 8 % v.g.',16,2.00,1.00,NULL,'2 eetlepels = 30 ml','','P',9,'2013-03-30 09:01:06','HANS','2013-03-30 09:01:06','HANS'),(150,'Carrefour american cookie, met chocoladesnippers',17,1.00,4.00,NULL,'1 st = 30 gr','','P',15,'2013-03-30 09:09:58','HANS','2013-03-30 09:09:58','HANS'),(151,'champagne',21,1.00,3.00,NULL,'','','P',5,'2013-03-30 09:14:26','HANS','2013-03-30 09:14:26','HANS'),(152,'Leonidas - praline chocolat creme fraiche',17,1.00,2.00,NULL,'','','P',16,'2013-03-31 12:11:42','HANS','2013-03-31 12:12:23','HANS'),(153,'brie',14,25.00,3.00,NULL,'','','P',9,'2013-03-31 19:17:55','HANS','2013-03-31 19:17:55','HANS'),(154,'boerepate',14,50.00,4.00,NULL,'','','P',4,'2013-04-01 11:31:20','HANS','2013-04-01 11:31:20','HANS'),(155,'paasei, gevuld',17,1.00,1.50,NULL,'','','P',16,'2013-04-01 11:42:26','INGE','2013-04-01 11:42:26','INGE'),(156,'chocolade, wit',14,10.00,2.00,NULL,'','','P',16,'2013-04-01 11:44:16','INGE','2013-04-01 11:44:16','INGE'),(157,'Tonijn, in eigen nat',14,100.00,3.00,5,'tonijn uitgelekt gewogen','','P',13,'2013-04-01 16:57:20','INGE','2013-04-01 16:57:20','INGE'),(158,'ketchup',13,30.00,1.00,NULL,'30ml = 2 EL','','P',11,'2013-04-01 16:58:03','INGE','2013-04-01 16:58:03','INGE'),(159,'Tonijn, gemengd',14,150.00,5.70,NULL,'','','R',19,'2013-04-01 16:58:36','INGE','2013-04-24 11:06:16','HANS'),(160,'rode kool met appel, diepvries',14,100.00,2.00,NULL,'','','P',2,'2013-04-02 18:22:12','HANS','2013-04-25 19:57:53','INGE'),(161,'Macaroni jambon fromage',17,6.00,55.00,NULL,'','','R',19,'2013-04-03 20:54:38','HANS','2013-04-10 17:42:11','HANS'),(162,'Colruyt - Belsy choco-as',17,1.00,3.00,NULL,'1 st = 21 gr','','P',15,'2013-04-04 13:15:44','HANS','2013-04-04 13:20:34','INGE'),(163,'Maredsous met ham',15,1.00,1.00,NULL,'1 kl = 10 gr','','P',3,'2013-04-04 13:17:00','HANS','2013-04-04 13:17:00','HANS'),(164,'Rijstschotel',14,1700.00,37.10,NULL,'','','R',10,'2013-04-05 15:19:56','INGE','2013-04-17 18:09:32','HANS'),(165,'Colruyt - Ringis groentjeblokjes',14,100.00,0.00,NULL,'','','P',2,'2013-04-05 16:23:17','HANS','2013-04-05 16:23:17','HANS'),(166,'sojasaus',16,1.00,0.00,NULL,'','','P',17,'2013-04-05 16:25:01','HANS','2013-04-05 16:25:01','HANS'),(167,'Aldi - Cafe noir',17,1.00,3.00,NULL,'','','P',15,'2013-04-05 17:41:50','HANS','2013-04-05 17:41:50','HANS'),(168,'Prince pocket - kleine chocolade koekjes',17,2.00,5.00,NULL,'','','P',15,'2013-04-06 14:25:19','INGE','2013-04-06 14:25:19','INGE'),(169,'Ijs - bolletje',17,1.00,3.00,NULL,'1 bolletje= 50 ml','','P',33,'2013-04-07 12:02:34','HANS','2013-04-07 12:03:10','HANS'),(170,'tortellini prosciutto',14,40.00,3.00,NULL,'','','P',10,'2013-04-07 17:38:25','HANS','2013-04-07 17:38:25','HANS'),(171,'Dr Oetker - Pizza special',17,6.00,22.00,NULL,'6 stukken = 330 gr ','','P',17,'2013-04-07 17:47:42','INGE','2013-04-07 17:47:42','INGE'),(172,'Grany biscuit met chocolade',17,1.00,2.00,NULL,'1 pakje = 2 stuks !!','','P',15,'2013-04-08 09:13:01','INGE','2013-04-08 09:13:01','INGE'),(173,'suikerstik',17,1.00,1.00,NULL,'','','P',22,'2013-04-09 10:47:21','HANS','2013-04-09 10:47:21','HANS'),(174,'Rund-varkensgehakt',14,100.00,7.00,NULL,'niet bereid','','P',4,'2013-04-09 11:02:49','INGE','2013-04-09 11:02:49','INGE'),(175,'Americain natuur',14,60.00,2.00,NULL,'nt bereid','','P',4,'2013-04-09 11:03:36','INGE','2013-04-09 11:03:36','INGE'),(176,'biefstuk',14,100.00,3.00,NULL,'','','P',4,'2013-04-09 11:04:04','INGE','2013-04-13 08:33:59','INGE'),(177,'Rundvlees mager',14,120.00,3.00,NULL,'','','P',17,'2013-04-09 11:04:46','INGE','2013-04-09 11:04:46','INGE'),(178,'Rundvlees steak',14,120.00,3.00,NULL,'','','P',17,'2013-04-09 11:05:05','INGE','2013-04-09 11:05:05','INGE'),(179,'Carrefour - chips bolognse',14,17.00,3.00,NULL,'17gr = 1 handvol','','P',30,'2013-04-09 19:37:21','INGE','2013-04-13 21:19:51','HANS'),(180,'Aldi - Le Cavalier Emmental franais',14,10.00,1.00,NULL,'','','P',9,'2013-04-09 19:56:00','INGE','2013-04-21 20:54:27','HANS'),(181,'Materne - appelmoes met stukjes',14,90.00,2.00,NULL,'90 gr = 1 portie','','P',1,'2013-04-10 11:09:59','INGE','2013-04-10 11:09:59','INGE'),(182,'Puree',17,1.00,7.60,NULL,'','','R',17,'2013-04-10 17:43:34','HANS','2013-04-10 17:50:33','HANS'),(183,'Ikea - koffie',13,250.00,2.00,NULL,'125ml halfvolle melk en rest kofiie','','R',14,'2013-04-11 09:22:28','INGE','2013-04-11 09:24:07','INGE'),(184,'prinsesseboontjes',14,100.00,0.00,0,'diepvries boontjes van Colruyt','','P',2,'2013-04-12 07:41:05','INGE','2013-04-12 07:41:05','INGE'),(185,'Prinsessenboontjes in tomatensaus',14,500.00,3.00,NULL,'nog kruiden bij te doen','','R',19,'2013-04-12 07:42:52','INGE','2013-04-12 07:45:14','INGE'),(186,'Bloemkool in kaassaus in de oven',14,2012.00,55.00,NULL,'','','R',19,'2013-04-12 07:48:37','INGE','2013-04-12 17:20:27','INGE'),(187,'bloemkool',14,500.00,0.00,0,'','','P',2,'2013-04-12 07:49:57','INGE','2013-04-12 07:52:19','INGE'),(188,'Gehaktballetjes',14,1000.00,62.60,NULL,'gebakken balletjes','','R',19,'2013-04-12 08:00:26','INGE','2013-04-12 15:29:15','HANS'),(189,'Lay\'s chips paprika, light',14,17.00,2.00,NULL,'','','P',30,'2013-04-12 17:24:14','INGE','2013-04-12 17:24:14','INGE'),(190,'Maes - pils bier',13,250.00,4.00,NULL,'','','P',5,'2013-04-13 16:23:49','HANS','2013-04-13 16:23:49','HANS'),(191,'Pickless saus',13,500.00,7.33,NULL,'hoeveelheden na te kijken !!!!','','R',11,'2013-04-15 10:50:39','INGE','2013-04-15 17:26:00','INGE'),(192,'Devos-Lemmens Belgian pickles',14,75.00,1.00,NULL,'','','P',11,'2013-04-15 10:54:45','INGE','2013-04-15 10:54:45','INGE'),(193,'spruitjes',14,50.00,0.00,0,'','','P',2,'2013-04-16 11:18:16','INGE','2013-04-16 11:18:16','INGE'),(194,'Nic-Nac',14,10.00,1.00,NULL,'','','P',15,'2013-04-16 15:56:44','INGE','2013-04-16 15:56:44','INGE'),(195,'Spruitjesstoemp',14,1740.00,7.00,NULL,'','','R',19,'2013-04-16 15:57:48','INGE','2013-04-16 16:00:16','INGE'),(196,'currysaus',14,45.00,1.00,NULL,'niet zelf-gemaakte currysaus','','P',11,'2013-04-18 19:50:26','INGE','2013-04-18 19:50:26','INGE'),(197,'tiramisu',17,1.00,12.00,NULL,'','','P',34,'2013-04-19 19:39:54','HANS','2013-04-19 19:40:19','HANS'),(198,'ananas uit blik op siroop',14,50.00,1.00,NULL,'ananas','','P',1,'2013-04-19 19:51:49','INGE','2013-04-19 19:51:49','INGE'),(199,'Twix, klein',17,1.00,3.00,NULL,'','','P',16,'2013-04-19 19:54:35','INGE','2013-04-19 19:54:35','INGE'),(200,'Oefeningen - Medium',20,1.00,-4.00,NULL,'','','E',31,'2013-04-19 22:11:46','HANS','2013-04-19 22:11:46','HANS'),(201,'Oefeningen - Light',20,1.00,-3.00,NULL,'','','E',31,'2013-04-19 22:11:46','HANS','2013-04-19 22:11:46','HANS'),(202,'Oefeningen - High',20,1.00,-11.00,NULL,'','','E',31,'2013-04-19 22:11:46','HANS','2013-04-19 22:11:46','HANS'),(203,'Jupiler',21,1.00,4.00,NULL,'1 tas = 1 fles 250 ml','','P',5,'2013-04-21 07:50:23','HANS','2017-08-15 07:43:53','HANS'),(204,'fruittaart',14,100.00,7.00,NULL,'','','P',34,'2013-04-21 20:58:30','HANS','2013-04-21 20:58:30','HANS'),(205,'Grany biscuit - chocoladekoekje',17,1.00,2.00,NULL,'1 pakje = 2 stuks !','','P',15,'2013-04-22 08:21:23','INGE','2013-04-22 08:21:23','INGE'),(206,'Petit Djeuner - tartin chocolade',17,1.00,2.00,NULL,'1 pakje = 3 koekjes !','','P',15,'2013-04-23 16:33:20','INGE','2013-04-23 16:33:20','INGE'),(207,'Werther\'s original',17,1.00,1.00,NULL,'punten nog te berekenen !!!!','','P',3,'2013-04-24 08:49:06','INGE','2013-04-24 08:49:23','INGE'),(208,'Chocolademousse',17,1.00,9.00,NULL,'= 1 potje chocolademousse op restaurant','','P',16,'2013-04-26 12:28:43','INGE','2013-04-26 12:28:43','INGE'),(209,'Valerie - boterwafeltjes',17,1.00,1.00,NULL,'1 wafeltje = 6 gr','','P',15,'2013-04-27 13:31:47','HANS','2013-04-27 13:31:47','HANS'),(210,'Vol-au-vent',14,250.00,8.00,NULL,'Vol-au-vent Carrefour (Delhaize = 4 pts)','','P',19,'2013-04-27 18:56:30','HANS','2013-04-27 18:56:30','HANS'),(211,'Guiness',13,330.00,3.00,NULL,'330 ml = 1 groot glas','','P',5,'2013-04-27 19:02:54','HANS','2013-04-27 19:02:54','HANS'),(212,'Dr Oetker - Pizza Greek',16,6.00,21.00,NULL,'6 stukken = 355 gr','','P',32,'2013-04-28 16:24:29','HANS','2013-04-28 16:24:29','HANS'),(213,'Dr Oetker - Pizza Hawai',16,6.00,21.00,NULL,'6 st = 355 gr','','P',32,'2013-04-28 16:27:18','HANS','2013-04-28 16:27:18','HANS'),(214,'klein pita brood',17,1.00,4.00,NULL,'1 st = 65 gr','','P',7,'2013-04-30 20:05:20','HANS','2013-04-30 20:05:20','HANS'),(215,'pita vlees',14,100.00,5.00,NULL,'','','P',4,'2013-04-30 20:07:52','HANS','2013-04-30 20:09:19','HANS'),(216,'kalkoenfilet met boursin',14,100.00,7.00,NULL,'100 gr = 1 stuk','','P',4,'2013-05-04 06:16:00','HANS','2013-05-04 06:16:00','HANS'),(217,'parmesan',14,30.00,3.00,NULL,'','','P',9,'2013-05-04 06:19:30','HANS','2013-05-04 06:19:30','HANS'),(218,'hamburger brood',17,1.00,3.70,NULL,'1 stuk = 55 gr','','P',7,'2013-05-04 10:59:49','HANS','2013-05-04 11:02:08','HANS'),(219,'hamburger vlees',14,140.00,8.40,NULL,'140 gr = 1 stuk','','P',4,'2013-05-04 11:03:38','HANS','2013-05-04 11:04:12','HANS'),(220,'Yaourt grec',14,100.00,3.00,NULL,'Milsani yaourts  la grecque','','P',9,'2017-08-15 07:20:34','HANS','2017-08-15 07:20:34','HANS'),(221,'Jambon',17,1.00,1.00,NULL,'','','P',8,'2017-08-15 07:28:30','HANS','2017-08-15 07:28:30','HANS'),(222,'Gouda',19,1.00,3.00,NULL,'','','P',8,'2017-08-15 07:35:54','HANS','2017-08-15 07:35:54','HANS'),(223,'Beurre',14,10.00,2.00,NULL,'','','P',17,'2017-08-15 07:40:35','HANS','2017-08-15 07:40:35','HANS'),(224,'Banane',17,1.00,0.00,0,'','','P',1,'2017-08-15 12:56:22','HANS','2017-08-15 12:56:22','HANS'),(225,'Passa',13,NULL,NULL,NULL,'','','P',17,'2017-08-15 18:45:45','HANS','2017-08-15 18:45:45','HANS'),(226,'Pasta (volkoren)',14,100.00,3.00,3,'','','P',10,'2017-08-15 18:46:40','HANS','2017-08-15 18:46:40','HANS'),(227,'Pesto',16,1.00,2.00,NULL,'','','P',11,'2017-08-15 18:48:43','HANS','2017-08-15 18:48:43','HANS'),(228,'Emmental (light)',14,30.00,2.00,NULL,'','','P',9,'2017-08-15 18:51:00','HANS','2017-08-15 18:51:34','HANS'),(229,'Spekjes gerookt',14,25.00,2.00,NULL,'','','P',4,'2017-08-15 18:54:00','HANS','2017-08-15 18:54:00','HANS');
/*!40000 ALTER TABLE `product` ENABLE KEYS */;
UNLOCK TABLES;

--
-- Table structure for table `productcategory`
--

DROP TABLE IF EXISTS `productcategory`;
/*!40101 SET @saved_cs_client     = @@character_set_client */;
/*!40101 SET character_set_client = utf8 */;
CREATE TABLE `productcategory` (
  `id` int(11) NOT NULL AUTO_INCREMENT,
  `name` char(50) NOT NULL,
  `shared` bit(1) NOT NULL DEFAULT b'1',
  `creationdate` timestamp NOT NULL DEFAULT CURRENT_TIMESTAMP,
  `creationuser` char(20) DEFAULT NULL,
  `updatedate` timestamp NOT NULL DEFAULT CURRENT_TIMESTAMP,
  `updateuser` char(20) DEFAULT NULL,
  PRIMARY KEY (`id`),
  UNIQUE KEY `name_UNIQUE` (`name`)
) ENGINE=InnoDB AUTO_INCREMENT=35 DEFAULT CHARSET=utf8;
/*!40101 SET character_set_client = @saved_cs_client */;

--
-- Dumping data for table `productcategory`
--

LOCK TABLES `productcategory` WRITE;
/*!40000 ALTER TABLE `productcategory` DISABLE KEYS */;
INSERT INTO `productcategory` VALUES (1,'Fruit','','2013-03-12 21:44:37','INGE','2013-03-12 21:44:37',NULL),(2,'Groenten','','2013-03-12 21:44:37','INGE','2013-03-12 21:44:37',NULL),(3,'Zoetigheden','','2013-03-18 21:29:18','INGE','2013-03-18 21:29:18','INGE'),(4,'Vlees','','2013-03-12 21:44:37','INGE','2013-03-12 21:44:37',NULL),(5,'Drank','','2013-03-12 21:44:37','INGE','2013-03-12 21:44:37',NULL),(7,'Brood en ontbijtkoeken','','2013-03-18 21:14:00','INGE','2013-03-18 21:14:00','INGE'),(8,'Beleg','','2013-03-12 21:44:37','INGE','2013-03-12 21:44:37',NULL),(9,'Zuivelproducten','','2013-03-17 09:13:24','INGE','2013-03-17 09:13:24','INGE'),(10,'Pasta & rijst','','2013-03-12 21:44:37','INGE','2013-03-12 21:44:37',NULL),(11,'Sauzen, vinaigrettes en smaakmakers','','2013-03-20 19:18:49','INGE','2013-03-20 19:18:49','INGE'),(12,'Flakes','','2013-03-12 21:44:37','INGE','2013-03-12 21:44:37',NULL),(13,'Vis','','2013-03-13 20:41:44','INGE','2013-03-13 20:41:44','INGE'),(14,'Warme dranken','','2013-03-17 08:58:26','INGE','2013-03-17 08:58:26','INGE'),(15,'Koekjes','','2013-03-17 12:35:07','HANS','2013-03-17 12:35:07','HANS'),(16,'Chocolade','','2013-03-17 12:35:17','HANS','2013-03-17 12:35:17','HANS'),(17,'Aardappelproducten','','2013-03-18 18:05:04','INGE','2013-03-18 18:05:04','INGE'),(18,'Honing en confituur','','2013-03-18 21:12:20','INGE','2013-03-18 21:12:20','INGE'),(19,'Recepten','','2013-03-19 12:18:28','INGE','2013-03-19 12:18:28','INGE'),(20,'Olie, noten en zaden','','2013-03-20 16:45:58','INGE','2013-03-20 16:45:58','INGE'),(21,'Beschuiten en crackers','','2013-03-20 16:56:12','HANS','2013-04-08 22:04:06','HANS'),(22,'Soepen','','2013-03-21 18:15:34','HANS','2013-03-22 08:24:09','INGE'),(30,'Chips en borrelhapjes','','2013-03-22 20:19:18','INGE','2013-03-22 20:19:18','INGE'),(31,'Oefeningen','','2013-03-23 17:30:08','HANS','2013-03-23 17:30:08','HANS'),(32,'Pizza','','2013-03-27 17:30:45','HANS','2013-03-27 17:30:45','HANS'),(33,'Ijs & sorbets','','2013-04-07 12:02:54','HANS','2013-04-07 12:02:54','HANS'),(34,'Dessert','','2013-04-19 19:40:05','HANS','2013-04-19 19:40:05','HANS');
/*!40000 ALTER TABLE `productcategory` ENABLE KEYS */;
UNLOCK TABLES;

--
-- Table structure for table `recipe_product_link`
--

DROP TABLE IF EXISTS `recipe_product_link`;
/*!40101 SET @saved_cs_client     = @@character_set_client */;
/*!40101 SET character_set_client = utf8 */;
CREATE TABLE `recipe_product_link` (
  `id` int(11) NOT NULL AUTO_INCREMENT,
  `recipeid` int(11) NOT NULL,
  `productid` int(11) NOT NULL,
  `amount` decimal(10,2) DEFAULT NULL,
  `creationdate` timestamp NOT NULL DEFAULT CURRENT_TIMESTAMP,
  `creationuser` char(20) DEFAULT NULL,
  `updatedate` timestamp NOT NULL DEFAULT CURRENT_TIMESTAMP,
  `updateuser` char(20) DEFAULT NULL,
  PRIMARY KEY (`id`),
  KEY `productid` (`productid`),
  KEY `recipeid` (`recipeid`),
  CONSTRAINT `recipe_product_link_ibfk_1` FOREIGN KEY (`productid`) REFERENCES `product` (`id`),
  CONSTRAINT `recipe_product_link_ibfk_2` FOREIGN KEY (`recipeid`) REFERENCES `product` (`id`)
) ENGINE=InnoDB AUTO_INCREMENT=113 DEFAULT CHARSET=utf8;
/*!40101 SET character_set_client = @saved_cs_client */;

--
-- Dumping data for table `recipe_product_link`
--

LOCK TABLES `recipe_product_link` WRITE;
/*!40000 ALTER TABLE `recipe_product_link` DISABLE KEYS */;
INSERT INTO `recipe_product_link` VALUES (1,76,62,1.00,'2013-03-19 12:08:06','INGE','2013-04-17 18:27:16','HANS'),(2,76,61,2.00,'2013-03-19 12:08:27','INGE','2013-04-17 18:27:16','HANS'),(7,79,68,144.00,'2013-03-19 17:36:39','INGE','2013-04-10 09:29:33','HANS'),(8,79,80,46.00,'2013-03-19 17:36:50','INGE','2013-04-10 09:29:33','HANS'),(10,79,78,100.00,'2013-03-19 17:37:23','INGE','2013-04-10 09:29:33','HANS'),(11,79,81,70.00,'2013-03-19 17:38:21','INGE','2013-04-10 09:29:33','HANS'),(12,79,77,10.00,'2013-03-19 17:38:41','INGE','2013-04-10 09:29:33','HANS'),(13,91,92,0.50,'2013-03-20 19:22:46','INGE','2013-03-26 08:59:47','INGE'),(14,91,93,0.50,'2013-03-20 19:23:04','INGE','2013-03-26 08:59:47','INGE'),(15,91,50,0.50,'2013-03-20 19:23:26','INGE','2013-03-26 08:59:47','INGE'),(16,91,94,150.00,'2013-03-20 19:23:44','INGE','2013-03-26 08:59:47','INGE'),(18,91,75,40.00,'2013-03-20 19:24:39','INGE','2013-03-26 08:59:47','INGE'),(19,91,95,10.00,'2013-03-20 19:26:08','INGE','2013-03-26 08:59:47','INGE'),(20,91,96,15.00,'2013-03-20 19:26:22','INGE','2013-03-26 08:59:47','INGE'),(21,91,96,15.00,'2013-03-20 19:31:25','INGE','2013-03-26 08:59:47','INGE'),(23,105,107,1.00,'2013-03-22 11:03:01','INGE','2013-04-19 11:18:27','HANS'),(25,105,108,1.00,'2013-03-22 11:05:14','INGE','2013-04-19 11:18:27','HANS'),(26,105,106,60.00,'2013-03-22 11:05:36','INGE','2013-04-19 11:18:27','HANS'),(27,110,28,1550.00,'2013-03-22 16:01:12','INGE','2013-03-25 17:35:47','INGE'),(28,110,27,200.00,'2013-03-22 16:01:55','INGE','2013-03-25 17:35:47','INGE'),(29,110,111,70.00,'2013-03-22 16:06:09','INGE','2013-03-25 17:35:47','INGE'),(30,110,77,1.50,'2013-03-22 16:06:58','INGE','2013-03-25 17:35:47','INGE'),(31,110,112,3.00,'2013-03-22 16:09:21','INGE','2013-03-25 17:35:47','INGE'),(32,110,113,1.00,'2013-03-22 16:10:52','INGE','2013-03-25 17:35:47','INGE'),(33,110,115,70.00,'2013-03-22 16:17:39','INGE','2013-03-25 17:35:47','INGE'),(34,110,114,800.00,'2013-03-22 16:18:01','INGE','2013-03-25 17:35:47','INGE'),(35,121,92,0.50,'2013-03-24 15:35:59','HANS','2013-03-24 19:23:58','INGE'),(36,121,85,1.00,'2013-03-24 15:36:11','HANS','2013-03-24 19:23:58','INGE'),(37,121,122,1.00,'2013-03-24 15:37:04','HANS','2013-03-24 19:23:58','INGE'),(38,121,66,120.00,'2013-03-24 15:37:56','HANS','2013-03-24 19:23:58','INGE'),(39,121,74,2.00,'2013-03-24 15:38:48','HANS','2013-03-24 19:23:58','INGE'),(40,125,124,12.00,'2013-03-25 12:14:55','HANS','2013-04-10 09:29:55','HANS'),(41,125,22,12.00,'2013-03-25 12:15:02','HANS','2013-04-10 09:29:55','HANS'),(43,125,126,85.00,'2013-03-25 17:25:58','INGE','2013-04-10 09:29:55','HANS'),(44,125,128,70.00,'2013-03-25 17:26:11','INGE','2013-04-10 09:29:55','HANS'),(45,125,112,1.00,'2013-03-25 17:27:00','INGE','2013-04-10 09:29:55','HANS'),(46,125,129,250.00,'2013-03-25 17:28:07','INGE','2013-04-10 09:29:55','HANS'),(47,125,62,1.00,'2013-03-25 17:28:36','INGE','2013-04-10 09:29:55','HANS'),(48,125,127,150.00,'2013-03-25 17:29:05','INGE','2013-04-10 09:29:55','HANS'),(49,130,126,85.00,'2013-03-25 17:31:31','INGE','2013-04-22 17:00:53','INGE'),(50,130,128,70.00,'2013-03-25 17:31:42','INGE','2013-04-22 17:00:53','INGE'),(51,130,62,1.00,'2013-03-25 17:32:08','INGE','2013-04-22 17:00:53','INGE'),(52,130,127,100.00,'2013-03-25 17:32:41','INGE','2013-04-22 17:00:53','INGE'),(54,130,129,250.00,'2013-03-25 17:33:30','INGE','2013-04-22 17:00:53','INGE'),(55,130,131,2.00,'2013-03-25 17:35:03','INGE','2013-04-22 17:00:53','INGE'),(57,134,94,300.00,'2013-03-26 08:57:20','INGE','2013-04-17 18:11:08','HANS'),(58,134,133,400.00,'2013-03-26 08:57:33','INGE','2013-04-17 18:11:08','HANS'),(59,134,113,2.00,'2013-03-26 08:57:47','INGE','2013-04-17 18:11:08','HANS'),(60,134,132,500.00,'2013-03-26 08:58:18','INGE','2013-04-17 18:11:08','HANS'),(61,134,131,2.00,'2013-03-26 08:58:55','INGE','2013-04-17 18:11:08','HANS'),(62,134,127,75.00,'2013-03-26 08:59:11','INGE','2013-04-17 18:11:08','HANS'),(63,143,144,1000.00,'2013-03-28 17:08:09','INGE','2013-04-01 13:40:19','HANS'),(64,143,129,2000.00,'2013-03-28 17:08:31','INGE','2013-04-01 13:40:19','HANS'),(65,143,112,2.00,'2013-03-28 17:08:47','INGE','2013-04-01 13:40:19','HANS'),(66,143,63,125.00,'2013-03-28 17:09:03','INGE','2013-04-01 13:40:19','HANS'),(67,143,131,4.00,'2013-03-28 17:09:26','INGE','2013-04-01 13:40:19','HANS'),(68,147,70,50.00,'2013-03-30 08:57:18','HANS','2013-03-30 09:01:51','HANS'),(69,147,148,1.00,'2013-03-30 09:01:22','HANS','2013-03-30 09:01:51','HANS'),(70,147,81,100.00,'2013-03-30 09:01:51','HANS','2013-03-30 09:01:51','HANS'),(71,159,157,140.00,'2013-04-01 16:58:51','INGE','2013-04-24 11:06:16','HANS'),(72,159,158,15.00,'2013-04-01 16:59:11','INGE','2013-04-24 11:06:16','HANS'),(73,159,45,2.00,'2013-04-01 16:59:27','INGE','2013-04-24 11:06:16','HANS'),(74,161,135,750.00,'2013-04-03 20:55:04','HANS','2013-04-10 17:42:11','HANS'),(75,161,128,70.00,'2013-04-03 20:55:25','HANS','2013-04-10 17:42:11','HANS'),(76,161,62,1.00,'2013-04-03 20:55:57','HANS','2013-04-10 17:42:11','HANS'),(77,161,126,85.00,'2013-04-03 20:56:28','HANS','2013-04-10 17:42:11','HANS'),(78,161,80,150.00,'2013-04-03 20:56:55','HANS','2013-04-10 17:42:11','HANS'),(79,161,129,250.00,'2013-04-03 20:57:11','HANS','2013-04-10 17:42:11','HANS'),(80,164,28,585.00,'2013-04-05 16:19:27','HANS','2013-04-17 18:09:32','HANS'),(82,164,131,1.00,'2013-04-05 16:20:34','HANS','2013-04-17 18:09:32','HANS'),(83,164,27,50.00,'2013-04-05 16:21:42','HANS','2013-04-17 18:09:32','HANS'),(84,164,166,4.00,'2013-04-05 16:25:21','HANS','2013-04-17 18:09:32','HANS'),(85,164,165,350.00,'2013-04-05 16:25:45','HANS','2013-04-17 18:09:32','HANS'),(86,164,112,2.00,'2013-04-05 16:27:40','HANS','2013-04-17 18:09:32','HANS'),(87,134,135,1000.00,'2013-04-08 18:07:39','HANS','2013-04-17 18:11:08','HANS'),(88,182,68,120.00,'2013-04-10 17:43:42','HANS','2013-04-10 17:50:33','HANS'),(89,182,112,2.00,'2013-04-10 17:44:06','HANS','2013-04-10 17:50:33','HANS'),(90,182,77,0.20,'2013-04-10 17:45:40','HANS','2013-04-10 17:50:33','HANS'),(91,182,62,0.20,'2013-04-10 17:50:29','HANS','2013-04-10 17:50:33','HANS'),(92,183,62,1.00,'2013-04-11 09:23:28','INGE','2013-04-11 09:24:07','INGE'),(93,185,184,600.00,'2013-04-12 07:43:04','INGE','2013-04-12 07:45:14','INGE'),(94,185,112,1.00,'2013-04-12 07:43:18','INGE','2013-04-12 07:45:14','INGE'),(95,185,27,150.00,'2013-04-12 07:43:31','INGE','2013-04-12 07:45:14','INGE'),(96,185,131,0.50,'2013-04-12 07:43:46','INGE','2013-04-12 07:45:14','INGE'),(97,185,114,400.00,'2013-04-12 07:44:29','INGE','2013-04-12 07:45:14','INGE'),(98,186,187,812.00,'2013-04-12 07:53:24','INGE','2013-04-12 17:20:27','INGE'),(99,186,131,0.50,'2013-04-12 07:53:37','INGE','2013-04-12 17:20:27','INGE'),(101,188,174,800.00,'2013-04-12 08:01:34','INGE','2013-04-12 15:29:15','HANS'),(102,188,77,1.50,'2013-04-12 08:01:50','INGE','2013-04-12 15:29:15','HANS'),(103,188,111,40.00,'2013-04-12 08:02:28','INGE','2013-04-12 15:29:15','HANS'),(104,188,27,90.00,'2013-04-12 08:02:43','INGE','2013-04-12 15:29:15','HANS'),(105,186,130,12.00,'2013-04-12 11:46:43','INGE','2013-04-12 17:20:27','INGE'),(106,186,63,1000.00,'2013-04-12 11:49:33','INGE','2013-04-12 17:20:27','INGE'),(107,186,127,50.00,'2013-04-12 17:18:08','INGE','2013-04-12 17:20:27','INGE'),(108,191,192,310.00,'2013-04-15 10:56:20','INGE','2013-04-15 17:26:00','INGE'),(109,191,81,160.00,'2013-04-15 10:56:38','INGE','2013-04-15 17:26:00','INGE'),(110,195,63,1000.00,'2013-04-16 15:57:59','INGE','2013-04-16 16:00:16','INGE'),(111,195,193,740.00,'2013-04-16 15:58:32','INGE','2013-04-16 16:00:16','INGE'),(112,195,131,1.00,'2013-04-16 15:58:44','INGE','2013-04-16 16:00:16','INGE');
/*!40000 ALTER TABLE `recipe_product_link` ENABLE KEYS */;
UNLOCK TABLES;

--
-- Table structure for table `unit`
--

DROP TABLE IF EXISTS `unit`;
/*!40101 SET @saved_cs_client     = @@character_set_client */;
/*!40101 SET character_set_client = utf8 */;
CREATE TABLE `unit` (
  `id` int(11) NOT NULL AUTO_INCREMENT,
  `name` char(5) NOT NULL,
  `shared` bit(1) NOT NULL DEFAULT b'1',
  `description` varchar(255) DEFAULT NULL,
  `creationdate` timestamp NOT NULL DEFAULT CURRENT_TIMESTAMP,
  `creationuser` char(20) DEFAULT NULL,
  `updatedate` timestamp NOT NULL DEFAULT CURRENT_TIMESTAMP,
  `updateuser` char(20) DEFAULT NULL,
  PRIMARY KEY (`id`)
) ENGINE=InnoDB AUTO_INCREMENT=23 DEFAULT CHARSET=utf8;
/*!40101 SET character_set_client = @saved_cs_client */;

--
-- Dumping data for table `unit`
--

LOCK TABLES `unit` WRITE;
/*!40000 ALTER TABLE `unit` DISABLE KEYS */;
INSERT INTO `unit` VALUES (13,'ml','','milliliter','2013-03-12 21:44:37','INGE','2013-03-12 21:44:37',NULL),(14,'g','','gram','2013-03-17 09:15:48','INGE','2013-03-17 09:15:48','INGE'),(15,'kl','','koffielepel','2013-03-17 09:05:00','INGE','2013-03-17 09:05:00','INGE'),(16,'sl','','soeplepel','2013-03-17 09:05:15','INGE','2013-03-17 09:05:15','INGE'),(17,'stuk','','stuk of snede','2013-03-12 21:44:37','INGE','2013-03-12 21:44:37',NULL),(18,'tas','','koffietas','2013-03-17 09:05:29','INGE','2013-03-17 09:05:29','INGE'),(19,'snede','','','2013-03-17 09:04:42','INGE','2013-03-17 09:04:42','INGE'),(20,'uur','','uur','2013-03-23 17:29:38','INGE','2013-03-23 17:29:38','HANS'),(21,'glas','','1 glas = 125 ml','2013-03-30 09:13:52','INGE','2013-03-30 09:13:52','HANS'),(22,'kg','','','2013-04-12 07:49:17','INGE','2013-04-12 07:49:17','INGE');
/*!40000 ALTER TABLE `unit` ENABLE KEYS */;
UNLOCK TABLES;

--
-- Table structure for table `user`
--

DROP TABLE IF EXISTS `user`;
/*!40101 SET @saved_cs_client     = @@character_set_client */;
/*!40101 SET character_set_client = utf8 */;
CREATE TABLE `user` (
  `id` int(11) NOT NULL AUTO_INCREMENT,
  `username` char(20) NOT NULL,
  `password` char(28) DEFAULT NULL,
  `firstname` char(30) DEFAULT NULL,
  `lastname` char(100) DEFAULT NULL,
  `targetweight` int(11) DEFAULT NULL,
  `daypoints` int(11) DEFAULT NULL,
  `extrapoints` int(11) NOT NULL DEFAULT '0',
  `creationdate` timestamp NOT NULL DEFAULT CURRENT_TIMESTAMP,
  `creationuser` char(20) DEFAULT NULL,
  `updatedate` timestamp NOT NULL DEFAULT CURRENT_TIMESTAMP,
  `updateuser` char(20) DEFAULT NULL,
  `language` char(2) DEFAULT NULL,
  PRIMARY KEY (`id`),
  UNIQUE KEY `UK_user_username` (`username`)
) ENGINE=InnoDB AUTO_INCREMENT=3 DEFAULT CHARSET=utf8;
/*!40101 SET character_set_client = @saved_cs_client */;

--
-- Dumping data for table `user`
--

LOCK TABLES `user` WRITE;
/*!40000 ALTER TABLE `user` DISABLE KEYS */;
INSERT INTO `user` VALUES (1,'INGE','qoH5WAUk88KzsInyTnXlWC+f6aE=','Inge','Vanden Nest',64,29,49,'2013-03-17 08:52:39','HANS','2013-03-17 08:53:22','INGE',NULL),(2,'HANS','Oug9p9F4vr5K3rF0HIjQ6jGeohg=','Hans','Fortemaison',78,35,49,'2013-03-17 12:51:00','HANS','2017-08-01 14:11:04','HANS',NULL);
/*!40000 ALTER TABLE `user` ENABLE KEYS */;
UNLOCK TABLES;

--
-- Table structure for table `weight`
--

DROP TABLE IF EXISTS `weight`;
/*!40101 SET @saved_cs_client     = @@character_set_client */;
/*!40101 SET character_set_client = utf8 */;
CREATE TABLE `weight` (
  `id` int(11) NOT NULL AUTO_INCREMENT,
  `userid` int(11) NOT NULL,
  `date` date NOT NULL,
  `weight` double NOT NULL,
  `creationdate` timestamp NOT NULL DEFAULT CURRENT_TIMESTAMP,
  `creationuser` char(20) NOT NULL,
  `updatedate` timestamp NOT NULL DEFAULT CURRENT_TIMESTAMP,
  `updateuser` char(20) NOT NULL,
  PRIMARY KEY (`id`),
  KEY `userid` (`userid`),
  CONSTRAINT `weight_ibfk_1` FOREIGN KEY (`userid`) REFERENCES `user` (`id`)
) ENGINE=InnoDB AUTO_INCREMENT=11 DEFAULT CHARSET=utf8;
/*!40101 SET character_set_client = @saved_cs_client */;

--
-- Dumping data for table `weight`
--

LOCK TABLES `weight` WRITE;
/*!40000 ALTER TABLE `weight` DISABLE KEYS */;
INSERT INTO `weight` VALUES (2,2,'2013-04-08',79.6,'2013-04-08 06:05:13','HANS','2013-04-08 06:05:13','HANS'),(3,1,'2013-04-08',70.4,'2013-04-08 10:43:04','INGE','2013-04-08 10:43:04','INGE'),(4,1,'2013-04-12',69.7,'2013-04-12 11:59:32','INGE','2013-04-12 11:59:32','INGE'),(5,2,'2013-04-15',79.2,'2013-04-15 05:30:26','HANS','2013-04-15 05:30:26','HANS'),(6,1,'2013-04-20',69.8,'2013-04-19 20:12:06','INGE','2013-04-19 20:12:06','INGE'),(7,2,'2013-04-22',80,'2013-04-22 05:23:54','HANS','2013-04-22 05:23:54','HANS'),(8,1,'2013-04-26',69.7,'2013-04-26 05:56:32','INGE','2013-04-26 05:56:32','INGE'),(9,2,'2013-04-29',78.9,'2013-04-29 06:09:03','HANS','2013-04-29 06:09:03','HANS'),(10,2,'2017-07-31',83.7,'2017-08-01 20:34:05','HANS','2017-08-01 20:34:40','HANS');
/*!40000 ALTER TABLE `weight` ENABLE KEYS */;
UNLOCK TABLES;
/*!40103 SET TIME_ZONE=@OLD_TIME_ZONE */;

/*!40101 SET SQL_MODE=@OLD_SQL_MODE */;
/*!40014 SET FOREIGN_KEY_CHECKS=@OLD_FOREIGN_KEY_CHECKS */;
/*!40014 SET UNIQUE_CHECKS=@OLD_UNIQUE_CHECKS */;
/*!40101 SET CHARACTER_SET_CLIENT=@OLD_CHARACTER_SET_CLIENT */;
/*!40101 SET CHARACTER_SET_RESULTS=@OLD_CHARACTER_SET_RESULTS */;
/*!40101 SET COLLATION_CONNECTION=@OLD_COLLATION_CONNECTION */;
/*!40111 SET SQL_NOTES=@OLD_SQL_NOTES */;

-- Dump completed on 2017-08-16 21:49:11
