"id";"type";"amount";"productid";"consumptionid";"creationdate";"creationuser";"updatedate";"updateuser"
9;1;2,0;46;6;17/03/2013 09:38:42;"HANS";17/03/2013 17:28:08;"HANS"
10;1;3,0;47;7;17/03/2013 09:52:12;"INGE";17/03/2013 21:33:52;"INGE"
11;1;1,0;16;7;17/03/2013 09:59:13;"INGE";17/03/2013 21:33:52;"INGE"
13;3;60,0;48;7;17/03/2013 13:39:32;"INGE";17/03/2013 21:33:52;"INGE"
14;3;30,0;52;7;17/03/2013 13:42:39;"INGE";17/03/2013 21:33:52;"INGE"
15;3;1,0;51;7;17/03/2013 13:44:06;"INGE";17/03/2013 21:33:52;"INGE"
16;3;120,0;48;6;17/03/2013 13:51:27;"HANS";17/03/2013 17:28:08;"HANS"
17;3;1,0;50;6;17/03/2013 13:51:37;"HANS";17/03/2013 17:28:08;"HANS"
18;3;1,0;22;6;17/03/2013 13:51:51;"HANS";17/03/2013 17:28:08;"HANS"
19;3;30,0;52;6;17/03/2013 13:52:09;"HANS";17/03/2013 17:28:08;"HANS"
20;4;0,5;47;6;17/03/2013 17:23:56;"HANS";17/03/2013 17:28:08;"HANS"
21;4;250,0;53;6;17/03/2013 17:27:24;"HANS";17/03/2013 17:28:08;"HANS"
24;1;30,0;54;9;18/03/2013 08:22:03;"HANS";18/03/2013 22:38:31;"HANS"
25;1;0,5;13;9;18/03/2013 08:22:30;"HANS";18/03/2013 22:38:31;"HANS"
26;1;1,0;16;8;18/03/2013 08:32:43;"INGE";18/03/2013 22:08:41;"INGE"
27;1;30,0;40;8;18/03/2013 08:33:45;"INGE";18/03/2013 22:08:41;"INGE"
28;1;1,0;55;8;18/03/2013 08:37:06;"INGE";18/03/2013 22:08:41;"INGE"
29;2;2,0;58;8;18/03/2013 12:31:14;"INGE";18/03/2013 22:08:41;"INGE"
30;2;1,0;59;8;18/03/2013 12:32:23;"INGE";18/03/2013 22:08:41;"INGE"
31;3;3,0;13;8;18/03/2013 12:32:36;"INGE";18/03/2013 22:08:41;"INGE"
32;3;30,0;52;8;18/03/2013 12:33:19;"INGE";18/03/2013 22:08:41;"INGE"
34;3;2,0;60;8;18/03/2013 12:36:03;"INGE";18/03/2013 22:08:41;"INGE"
35;3;2,0;61;8;18/03/2013 12:39:22;"INGE";18/03/2013 22:08:41;"INGE"
36;3;1,0;62;8;18/03/2013 12:44:15;"INGE";18/03/2013 22:08:41;"INGE"
37;3;5,0;13;9;18/03/2013 12:45:44;"HANS";18/03/2013 22:38:31;"HANS"
38;3;2,0;22;9;18/03/2013 12:46:00;"HANS";18/03/2013 22:38:31;"HANS"
39;3;1,0;60;9;18/03/2013 12:46:47;"HANS";18/03/2013 22:38:31;"HANS"
40;3;1,0;59;9;18/03/2013 12:47:07;"HANS";18/03/2013 22:38:31;"HANS"
41;4;1,0;51;8;18/03/2013 19:01:24;"INGE";18/03/2013 22:08:41;"INGE"
42;5;150,0;63;8;18/03/2013 19:05:43;"INGE";18/03/2013 22:08:41;"INGE"
43;5;35,0;64;8;18/03/2013 19:09:57;"INGE";18/03/2013 22:08:41;"INGE"
44;4;1,0;65;9;18/03/2013 19:15:10;"HANS";18/03/2013 22:38:31;"HANS"
45;5;150,0;63;9;18/03/2013 19:15:28;"HANS";18/03/2013 22:38:31;"HANS"
46;5;20,0;64;9;18/03/2013 19:15:55;"HANS";18/03/2013 22:38:31;"HANS"
47;5;100,0;66;9;18/03/2013 19:18:07;"HANS";18/03/2013 22:38:31;"HANS"
48;5;1,0;59;9;18/03/2013 19:19:04;"HANS";18/03/2013 22:38:31;"HANS"
49;1;1,0;60;9;18/03/2013 19:31:06;"HANS";18/03/2013 22:38:31;"HANS"
50;6;40,0;54;9;18/03/2013 20:34:30;"HANS";18/03/2013 22:38:31;"HANS"
51;6;100,0;57;9;18/03/2013 20:34:46;"HANS";18/03/2013 22:38:31;"HANS"
52;6;1,0;59;8;18/03/2013 22:08:41;"INGE";18/03/2013 22:08:41;"INGE"
54;1;80,0;57;9;18/03/2013 22:38:31;"HANS";18/03/2013 22:38:31;"HANS"
55;1;100,0;57;10;19/03/2013 08:22:02;"HANS";19/03/2013 21:03:58;"HANS"
56;1;40,0;56;10;19/03/2013 08:22:15;"HANS";19/03/2013 21:03:58;"HANS"
57;1;1,0;55;10;19/03/2013 08:22:24;"HANS";19/03/2013 21:03:58;"HANS"
58;1;1,0;13;10;19/03/2013 08:22:36;"HANS";19/03/2013 21:03:58;"HANS"
59;1;1,0;60;10;19/03/2013 08:22:56;"HANS";19/03/2013 21:03:58;"HANS"
60;1;30,0;40;11;19/03/2013 08:23:46;"INGE";20/03/2013 08:32:52;"INGE"
61;1;1,0;59;11;19/03/2013 08:23:56;"INGE";20/03/2013 08:32:52;"INGE"
62;1;1,0;16;11;19/03/2013 08:24:09;"INGE";20/03/2013 08:32:52;"INGE"
63;1;1,0;55;11;19/03/2013 08:24:28;"INGE";20/03/2013 08:32:52;"INGE"
64;2;5,0;73;11;19/03/2013 12:49:31;"INGE";20/03/2013 08:32:52;"INGE"
65;3;2,0;13;11;19/03/2013 12:50:23;"INGE";20/03/2013 08:32:52;"INGE"
66;3;70,0;66;11;19/03/2013 12:51:16;"INGE";20/03/2013 08:32:52;"INGE"
67;3;5,0;13;10;19/03/2013 12:52:20;"HANS";19/03/2013 21:03:58;"HANS"
68;3;2,0;22;10;19/03/2013 12:52:36;"HANS";19/03/2013 21:03:58;"HANS"
69;3;1,0;50;10;19/03/2013 12:52:49;"HANS";19/03/2013 21:03:58;"HANS"
70;3;1,0;74;11;19/03/2013 12:54:29;"INGE";20/03/2013 08:32:52;"INGE"
71;3;2,0;74;10;19/03/2013 12:54:31;"HANS";19/03/2013 21:03:58;"HANS"
72;3;40,0;75;11;19/03/2013 12:56:35;"INGE";20/03/2013 08:32:52;"INGE"
73;3;4,0;60;11;19/03/2013 13:03:32;"INGE";20/03/2013 08:32:52;"INGE"
74;3;2,0;60;10;19/03/2013 13:09:07;"HANS";19/03/2013 21:03:58;"HANS"
75;3;0,5;76;11;19/03/2013 13:10:17;"INGE";20/03/2013 08:32:52;"INGE"
76;4;1,0;65;10;19/03/2013 13:12:03;"HANS";19/03/2013 21:03:58;"HANS"
77;5;2,0;79;10;19/03/2013 13:26:18;"HANS";19/03/2013 21:03:58;"HANS"
78;5;1,0;79;11;19/03/2013 18:48:12;"INGE";20/03/2013 08:32:52;"INGE"
79;5;0,5;79;11;19/03/2013 20:52:11;"INGE";20/03/2013 08:32:52;"INGE"
80;5;1,0;13;10;19/03/2013 21:03:57;"HANS";19/03/2013 21:03:57;"HANS"
81;6;0,5;65;11;20/03/2013 08:32:52;"INGE";20/03/2013 08:32:52;"INGE"
82;1;1,0;16;12;20/03/2013 08:35:31;"INGE";21/03/2013 08:30:57;"INGE"
83;1;40,0;82;12;20/03/2013 08:35:43;"INGE";21/03/2013 08:30:57;"INGE"
84;1;110,0;57;13;20/03/2013 08:46:05;"HANS";20/03/2013 20:52:07;"HANS"
85;1;40,0;54;13;20/03/2013 08:46:35;"HANS";20/03/2013 20:52:07;"HANS"
86;2;16,0;83;12;20/03/2013 09:46:10;"INGE";21/03/2013 08:30:57;"INGE"
87;3;70,0;48;12;20/03/2013 12:47:23;"INGE";21/03/2013 08:30:57;"INGE"
88;3;1,0;12;12;20/03/2013 12:47:47;"INGE";21/03/2013 08:30:57;"INGE"
89;3;130,0;48;13;20/03/2013 12:51:58;"HANS";20/03/2013 20:52:07;"HANS"
90;3;30,0;66;13;20/03/2013 12:53:08;"HANS";20/03/2013 20:52:07;"HANS"
91;3;0,5;22;13;20/03/2013 12:55:14;"HANS";20/03/2013 20:52:07;"HANS"
92;3;1,0;50;13;20/03/2013 12:55:27;"HANS";20/03/2013 20:52:07;"HANS"
93;3;1,0;76;12;20/03/2013 13:26:54;"INGE";21/03/2013 08:30:57;"INGE"
94;4;10,0;84;12;20/03/2013 17:46:33;"INGE";21/03/2013 08:30:57;"INGE"
95;4;1,0;85;12;20/03/2013 17:48:04;"INGE";21/03/2013 08:30:57;"INGE"
96;4;1,0;86;12;20/03/2013 17:49:22;"INGE";21/03/2013 08:30:57;"INGE"
97;4;3,0;87;13;20/03/2013 17:51:38;"HANS";20/03/2013 20:52:07;"HANS"
98;5;1,0;91;12;20/03/2013 20:32:20;"INGE";21/03/2013 08:30:57;"INGE"
99;5;100,0;97;12;20/03/2013 20:36:12;"INGE";21/03/2013 08:30:57;"INGE"
100;5;1,0;45;12;20/03/2013 20:36:29;"INGE";21/03/2013 08:30:57;"INGE"
101;6;1,0;88;12;20/03/2013 20:37:09;"INGE";21/03/2013 08:30:57;"INGE"
102;5;1,0;91;13;20/03/2013 20:51:12;"HANS";20/03/2013 20:52:07;"HANS"
103;5;50,0;48;13;20/03/2013 20:51:30;"HANS";20/03/2013 20:52:07;"HANS"
104;5;25,0;64;13;20/03/2013 20:51:47;"HANS";20/03/2013 20:52:07;"HANS"
105;1;40,0;54;14;21/03/2013 08:29:48;"HANS";21/03/2013 22:40:51;"HANS"
106;1;100,0;57;14;21/03/2013 08:29:58;"HANS";21/03/2013 22:40:51;"HANS"
107;1;40,0;82;15;21/03/2013 08:30:38;"INGE";21/03/2013 22:43:15;"INGE"
108;6;10,0;82;12;21/03/2013 08:30:57;"INGE";21/03/2013 08:30:57;"INGE"
110;4;1,0;65;14;21/03/2013 17:42:59;"HANS";21/03/2013 22:40:51;"HANS"
111;3;100,0;98;14;21/03/2013 19:07:25;"HANS";21/03/2013 22:40:51;"HANS"
112;3;100,0;99;14;21/03/2013 19:09:13;"HANS";21/03/2013 22:40:51;"HANS"
113;3;50,0;100;14;21/03/2013 19:09:45;"HANS";21/03/2013 22:40:51;"HANS"
114;3;120,0;101;14;21/03/2013 19:10:09;"HANS";21/03/2013 22:40:51;"HANS"
115;5;4,0;13;14;21/03/2013 19:13:10;"HANS";21/03/2013 22:40:51;"HANS"
116;5;2,0;22;14;21/03/2013 19:13:22;"HANS";21/03/2013 22:40:51;"HANS"
117;5;1,0;50;14;21/03/2013 19:13:43;"HANS";21/03/2013 22:40:51;"HANS"
118;5;300,0;102;14;21/03/2013 19:16:10;"HANS";21/03/2013 22:40:51;"HANS"
119;3;120,0;67;15;21/03/2013 19:34:57;"INGE";21/03/2013 22:43:15;"INGE"
120;3;80,0;66;15;21/03/2013 19:35:25;"INGE";21/03/2013 22:43:15;"INGE"
121;3;80,0;103;15;21/03/2013 19:37:33;"INGE";21/03/2013 22:43:15;"INGE"
122;4;4,0;89;15;21/03/2013 19:38:03;"INGE";21/03/2013 22:43:15;"INGE"
123;5;200,0;102;15;21/03/2013 19:39:02;"INGE";21/03/2013 22:43:15;"INGE"
124;5;2,0;13;15;21/03/2013 19:39:36;"INGE";21/03/2013 22:43:15;"INGE"
126;6;1,0;13;14;21/03/2013 22:40:51;"HANS";21/03/2013 22:40:51;"HANS"
127;6;1,0;88;15;21/03/2013 22:43:05;"INGE";21/03/2013 22:43:15;"INGE"
128;1;30,0;56;16;22/03/2013 08:16:34;"HANS";22/03/2013 21:22:04;"HANS"
129;1;100,0;57;16;22/03/2013 08:16:52;"HANS";22/03/2013 21:22:04;"HANS"
130;1;100,0;104;17;22/03/2013 08:26:03;"INGE";22/03/2013 21:19:58;"INGE"
131;2;1,0;105;17;22/03/2013 12:07:48;"INGE";22/03/2013 21:19:58;"INGE"
132;2;1,0;105;16;22/03/2013 12:08:31;"HANS";22/03/2013 21:22:04;"HANS"
133;3;2,0;13;16;22/03/2013 12:38:17;"HANS";22/03/2013 21:22:04;"HANS"
134;3;2,0;60;16;22/03/2013 12:38:39;"HANS";22/03/2013 21:22:04;"HANS"
135;4;2,0;13;16;22/03/2013 15:29:52;"HANS";22/03/2013 21:22:04;"HANS"
136;4;2,0;60;16;22/03/2013 15:30:00;"HANS";22/03/2013 21:22:04;"HANS"
137;3;31,0;83;17;22/03/2013 16:58:48;"INGE";22/03/2013 21:19:58;"INGE"
138;5;2,0;110;16;22/03/2013 21:09:41;"HANS";22/03/2013 21:22:04;"HANS"
139;5;200,0;39;16;22/03/2013 21:11:13;"HANS";22/03/2013 21:22:04;"HANS"
140;6;2,0;59;16;22/03/2013 21:11:52;"HANS";22/03/2013 21:22:04;"HANS"
141;1;2,0;46;18;22/03/2013 21:13:29;"HANS";23/03/2013 22:00:17;"HANS"
142;1;2,0;46;19;22/03/2013 21:13:51;"HANS";24/03/2013 20:35:27;"HANS"
143;5;2,0;110;17;22/03/2013 21:16:33;"INGE";22/03/2013 21:19:58;"INGE"
144;5;100,0;67;17;22/03/2013 21:16:52;"INGE";22/03/2013 21:19:58;"INGE"
145;5;30,0;116;17;22/03/2013 21:19:58;"INGE";22/03/2013 21:19:58;"INGE"
146;6;30,0;116;16;22/03/2013 21:21:04;"HANS";22/03/2013 21:22:04;"HANS"
147;5;400,0;70;16;22/03/2013 21:22:04;"HANS";22/03/2013 21:22:04;"HANS"
148;1;2,0;47;20;23/03/2013 08:13:03;"INGE";23/03/2013 21:45:54;"INGE"
151;3;200,0;102;20;23/03/2013 08:14:36;"INGE";23/03/2013 21:45:54;"INGE"
152;3;60,0;48;20;23/03/2013 08:14:54;"INGE";23/03/2013 21:45:54;"INGE"
153;3;30,0;52;20;23/03/2013 08:15:12;"INGE";23/03/2013 21:45:54;"INGE"
155;2;1,0;85;20;23/03/2013 12:04:34;"INGE";23/03/2013 21:45:54;"INGE"
157;3;130,0;48;18;23/03/2013 13:27:59;"HANS";23/03/2013 22:00:17;"HANS"
158;3;1,0;22;18;23/03/2013 13:28:23;"HANS";23/03/2013 22:00:17;"HANS"
159;3;1,0;50;18;23/03/2013 13:28:31;"HANS";23/03/2013 22:00:17;"HANS"
160;3;30,0;52;18;23/03/2013 13:28:47;"HANS";23/03/2013 22:00:17;"HANS"
161;3;1,0;60;18;23/03/2013 13:32:14;"HANS";23/03/2013 22:00:17;"HANS"
162;3;1,0;59;20;23/03/2013 13:33:36;"INGE";23/03/2013 21:45:54;"INGE"
163;3;1,0;88;20;23/03/2013 13:33:58;"INGE";23/03/2013 21:45:54;"INGE"
164;4;6,0;117;20;23/03/2013 15:25:18;"INGE";23/03/2013 21:45:54;"INGE"
165;4;30,0;83;18;23/03/2013 18:00:35;"HANS";23/03/2013 22:00:17;"HANS"
166;2;2,0;118;18;23/03/2013 18:36:23;"HANS";23/03/2013 22:00:17;"HANS"
167;5;300,0;39;18;23/03/2013 18:46:12;"HANS";23/03/2013 22:00:17;"HANS"
168;5;30,0;94;18;23/03/2013 18:46:32;"HANS";23/03/2013 22:00:17;"HANS"
169;4;15,0;83;20;23/03/2013 21:43:56;"INGE";23/03/2013 21:45:54;"INGE"
172;5;200,0;39;20;23/03/2013 21:45:04;"INGE";23/03/2013 21:45:54;"INGE"
173;5;50,0;94;20;23/03/2013 21:45:24;"INGE";23/03/2013 21:45:54;"INGE"
174;1;2,0;47;21;23/03/2013 21:46:34;"INGE";24/03/2013 20:24:44;"INGE"
176;3;2,5;13;21;23/03/2013 21:47:12;"INGE";24/03/2013 20:24:44;"INGE"
177;3;18,0;52;21;23/03/2013 21:47:34;"INGE";24/03/2013 20:24:44;"INGE"
178;3;100,0;102;21;23/03/2013 21:47:45;"INGE";24/03/2013 20:24:44;"INGE"
179;4;31,0;83;21;23/03/2013 21:48:19;"INGE";24/03/2013 20:24:44;"INGE"
180;3;150,0;48;19;24/03/2013 13:49:41;"HANS";24/03/2013 20:35:27;"HANS"
181;3;3,0;60;19;24/03/2013 13:49:52;"HANS";24/03/2013 20:35:27;"HANS"
183;3;50,0;66;19;24/03/2013 13:50:56;"HANS";24/03/2013 20:35:27;"HANS"
184;3;3,0;88;21;24/03/2013 13:53:27;"INGE";24/03/2013 20:24:44;"INGE"
186;5;1,0;121;19;24/03/2013 16:39:27;"HANS";24/03/2013 20:35:27;"HANS"
187;4;5,0;51;21;24/03/2013 20:21:30;"INGE";24/03/2013 20:24:44;"INGE"
188;5;1,0;121;21;24/03/2013 20:22:54;"INGE";24/03/2013 20:24:44;"INGE"
189;5;18,0;123;21;24/03/2013 20:24:44;"INGE";24/03/2013 20:24:44;"INGE"
190;5;30,0;123;19;24/03/2013 20:25:18;"HANS";24/03/2013 20:35:27;"HANS"
191;1;30,0;56;22;25/03/2013 08:20:03;"HANS";25/03/2013 23:27:36;"HANS"
192;1;70,0;57;22;25/03/2013 08:20:11;"HANS";25/03/2013 23:27:36;"HANS"
193;1;1,0;13;22;25/03/2013 08:20:18;"HANS";25/03/2013 23:27:36;"HANS"
194;1;1,0;60;22;25/03/2013 08:20:25;"HANS";25/03/2013 23:27:36;"HANS"
195;2;3,0;59;22;25/03/2013 12:50:22;"HANS";25/03/2013 23:27:36;"HANS"
196;3;4,0;13;22;25/03/2013 12:58:32;"HANS";25/03/2013 23:27:36;"HANS"
197;3;30,0;66;22;25/03/2013 12:58:46;"HANS";25/03/2013 23:27:36;"HANS"
198;1;40,0;82;23;25/03/2013 13:29:08;"INGE";26/03/2013 09:39:37;"INGE"
199;1;1,0;16;23;25/03/2013 13:29:19;"INGE";26/03/2013 09:39:37;"INGE"
200;2;3,0;87;23;25/03/2013 13:29:35;"INGE";26/03/2013 09:39:37;"INGE"
201;2;1,0;16;23;25/03/2013 13:29:42;"INGE";26/03/2013 09:39:37;"INGE"
202;3;3,0;13;23;25/03/2013 13:29:55;"INGE";26/03/2013 09:39:37;"INGE"
203;3;1,0;22;23;25/03/2013 13:30:17;"INGE";26/03/2013 09:39:37;"INGE"
204;3;2,0;60;23;25/03/2013 13:30:30;"INGE";26/03/2013 09:39:37;"INGE"
205;3;1,0;16;23;25/03/2013 13:30:44;"INGE";26/03/2013 09:39:37;"INGE"
206;4;0,5;83;23;25/03/2013 18:36:04;"INGE";26/03/2013 09:39:37;"INGE"
207;5;3,0;125;22;25/03/2013 19:13:17;"HANS";25/03/2013 23:27:36;"HANS"
209;4;1,0;65;22;25/03/2013 19:14:16;"HANS";25/03/2013 23:27:36;"HANS"
210;4;1,0;59;22;25/03/2013 19:14:29;"HANS";25/03/2013 23:27:36;"HANS"
211;5;2,0;125;23;25/03/2013 20:52:22;"INGE";26/03/2013 09:39:37;"INGE"
212;5;100,0;63;23;25/03/2013 20:52:47;"INGE";26/03/2013 09:39:37;"INGE"
213;6;20,0;123;22;25/03/2013 23:27:36;"HANS";25/03/2013 23:27:36;"HANS"
214;1;2,0;13;24;26/03/2013 08:23:58;"HANS";26/03/2013 23:22:51;"HANS"
215;1;2,0;60;24;26/03/2013 08:24:04;"HANS";26/03/2013 23:22:51;"HANS"
216;1;30,0;56;24;26/03/2013 08:24:12;"HANS";26/03/2013 23:22:51;"HANS"
217;1;70,0;57;24;26/03/2013 08:24:22;"HANS";26/03/2013 23:22:51;"HANS"
218;6;1,0;88;23;26/03/2013 09:39:37;"INGE";26/03/2013 09:39:37;"INGE"
219;1;1,0;16;25;26/03/2013 09:39:53;"INGE";27/03/2013 13:36:58;"INGE"
220;1;40,0;82;25;26/03/2013 09:40:05;"INGE";27/03/2013 13:36:58;"INGE"
222;2;1,0;73;25;26/03/2013 09:43:20;"INGE";27/03/2013 13:36:58;"INGE"
223;3;3,0;13;25;26/03/2013 09:43:41;"INGE";27/03/2013 13:36:58;"INGE"
226;3;2,0;60;25;26/03/2013 09:46:48;"INGE";27/03/2013 13:36:58;"INGE"
227;4;1,0;85;25;26/03/2013 09:47:01;"INGE";27/03/2013 13:36:58;"INGE"
228;5;1,0;134;25;26/03/2013 10:01:24;"INGE";27/03/2013 13:36:58;"INGE"
230;2;1,0;85;25;26/03/2013 12:37:01;"INGE";27/03/2013 13:36:58;"INGE"
231;3;30,0;137;25;26/03/2013 12:41:32;"INGE";27/03/2013 13:36:58;"INGE"
232;3;1,0;16;25;26/03/2013 12:49:04;"INGE";27/03/2013 13:36:58;"INGE"
233;3;4,0;13;24;26/03/2013 17:46:23;"HANS";26/03/2013 23:22:51;"HANS"
234;3;1,0;22;24;26/03/2013 17:46:32;"HANS";26/03/2013 23:22:51;"HANS"
235;3;30,0;66;24;26/03/2013 17:46:43;"HANS";26/03/2013 23:22:51;"HANS"
236;2;2,0;59;24;26/03/2013 23:15:25;"HANS";26/03/2013 23:22:51;"HANS"
237;5;1,0;134;24;26/03/2013 23:15:48;"HANS";26/03/2013 23:22:51;"HANS"
238;6;2,0;13;24;26/03/2013 23:17:39;"HANS";26/03/2013 23:22:51;"HANS"
239;6;3,0;60;24;26/03/2013 23:17:56;"HANS";26/03/2013 23:22:51;"HANS"
240;1;1,0;13;26;27/03/2013 10:26:35;"HANS";27/03/2013 22:49:16;"HANS"
241;1;1,0;60;26;27/03/2013 10:26:42;"HANS";27/03/2013 22:49:16;"HANS"
242;2;1,0;59;26;27/03/2013 10:26:50;"HANS";27/03/2013 22:49:16;"HANS"
243;1;70,0;57;26;27/03/2013 10:27:54;"HANS";27/03/2013 22:49:16;"HANS"
244;1;30,0;56;26;27/03/2013 10:28:02;"HANS";27/03/2013 22:49:16;"HANS"
245;3;4,0;13;26;27/03/2013 13:30:54;"HANS";27/03/2013 22:49:16;"HANS"
246;3;1,0;22;26;27/03/2013 13:31:05;"HANS";27/03/2013 22:49:16;"HANS"
247;3;1,0;12;26;27/03/2013 13:31:24;"HANS";27/03/2013 22:49:16;"HANS"
248;3;3,0;60;26;27/03/2013 13:31:36;"HANS";27/03/2013 22:49:16;"HANS"
249;3;1,0;138;26;27/03/2013 13:31:47;"HANS";27/03/2013 22:49:16;"HANS"
250;1;40,0;82;27;27/03/2013 13:32:41;"INGE";27/03/2013 22:50:25;"INGE"
251;2;31,0;83;27;27/03/2013 13:32:59;"INGE";27/03/2013 22:50:25;"INGE"
252;3;4,0;13;27;27/03/2013 13:33:36;"INGE";27/03/2013 22:50:25;"INGE"
253;3;30,0;52;27;27/03/2013 13:34:38;"INGE";27/03/2013 22:50:25;"INGE"
254;3;1,5;60;27;27/03/2013 13:35:07;"INGE";27/03/2013 22:50:25;"INGE"
255;3;1,0;138;27;27/03/2013 13:35:47;"INGE";27/03/2013 22:50:25;"INGE"
256;4;5,0;138;25;27/03/2013 13:36:58;"INGE";27/03/2013 13:36:58;"INGE"
257;5;250,0;139;26;27/03/2013 18:31:28;"HANS";27/03/2013 22:49:16;"HANS"
258;4;1,0;59;26;27/03/2013 18:31:52;"HANS";27/03/2013 22:49:16;"HANS"
259;6;1,0;138;26;27/03/2013 22:49:16;"HANS";27/03/2013 22:49:16;"HANS"
260;5;1,0;121;27;27/03/2013 22:50:00;"INGE";27/03/2013 22:50:25;"INGE"
261;4;5,0;138;27;27/03/2013 22:50:25;"INGE";27/03/2013 22:50:25;"INGE"
262;1;40,0;56;28;28/03/2013 08:13:22;"HANS";28/03/2013 16:47:21;"HANS"
263;1;90,0;57;28;28/03/2013 08:13:31;"HANS";28/03/2013 16:47:21;"HANS"
264;1;1,5;13;28;28/03/2013 08:13:45;"HANS";28/03/2013 16:47:21;"HANS"
265;1;2,0;60;28;28/03/2013 08:13:55;"HANS";28/03/2013 16:47:21;"HANS"
266;1;40,0;82;29;28/03/2013 16:36:45;"INGE";29/03/2013 17:43:27;"INGE"
267;3;1,0;88;29;28/03/2013 16:37:24;"INGE";29/03/2013 17:43:27;"INGE"
268;3;0,7;134;29;28/03/2013 16:37:49;"INGE";29/03/2013 17:43:27;"INGE"
269;3;1,5;141;29;28/03/2013 16:40:13;"INGE";29/03/2013 17:43:27;"INGE"
270;4;1,0;85;29;28/03/2013 16:40:32;"INGE";29/03/2013 17:43:27;"INGE"
271;5;200,0;142;29;28/03/2013 16:41:30;"INGE";29/03/2013 17:43:27;"INGE"
272;5;2,0;13;29;28/03/2013 16:42:34;"INGE";29/03/2013 17:43:27;"INGE"
273;5;1,0;22;29;28/03/2013 16:43:05;"INGE";29/03/2013 17:43:27;"INGE"
274;3;4,0;13;28;28/03/2013 16:44:24;"HANS";28/03/2013 16:47:21;"HANS"
275;3;1,0;22;28;28/03/2013 16:44:35;"HANS";28/03/2013 16:47:21;"HANS"
276;3;30,0;66;28;28/03/2013 16:44:50;"HANS";28/03/2013 16:47:21;"HANS"
277;3;1,5;141;28;28/03/2013 16:45:03;"HANS";28/03/2013 16:47:21;"HANS"
278;5;300,0;142;28;28/03/2013 16:45:51;"HANS";28/03/2013 16:47:21;"HANS"
280;5;2,0;13;28;28/03/2013 16:47:21;"HANS";28/03/2013 16:47:21;"HANS"
281;5;200,0;70;30;28/03/2013 19:52:59;"HANS";30/03/2013 10:15:31;"HANS"
283;1;60,0;57;30;28/03/2013 19:54:58;"HANS";30/03/2013 10:15:31;"HANS"
284;1;22,0;56;30;28/03/2013 19:55:11;"HANS";30/03/2013 10:15:31;"HANS"
285;3;2,0;13;30;28/03/2013 19:55:26;"HANS";30/03/2013 10:15:31;"HANS"
286;3;1,0;22;30;28/03/2013 19:55:38;"HANS";30/03/2013 10:15:31;"HANS"
288;1;1,0;46;31;28/03/2013 19:56:13;"HANS";31/03/2013 10:55:35;"HANS"
289;1;60,0;57;31;28/03/2013 19:56:35;"HANS";31/03/2013 10:55:35;"HANS"
290;1;30,0;56;31;28/03/2013 19:56:48;"HANS";31/03/2013 10:55:35;"HANS"
291;1;1,0;13;30;29/03/2013 09:30:25;"HANS";30/03/2013 10:15:31;"HANS"
292;1;1,0;60;30;29/03/2013 09:30:47;"HANS";30/03/2013 10:15:31;"HANS"
293;2;2,0;13;30;29/03/2013 11:21:19;"HANS";30/03/2013 10:15:31;"HANS"
294;2;2,0;59;30;29/03/2013 11:21:33;"HANS";30/03/2013 10:15:31;"HANS"
295;1;40,0;82;32;29/03/2013 17:39:43;"INGE";29/03/2013 17:42:52;"INGE"
296;2;31,0;83;32;29/03/2013 17:39:59;"INGE";29/03/2013 17:42:52;"INGE"
297;2;0,5;76;32;29/03/2013 17:40:19;"INGE";29/03/2013 17:42:52;"INGE"
298;3;2,5;13;32;29/03/2013 17:40:34;"INGE";29/03/2013 17:42:52;"INGE"
299;4;6,0;145;32;29/03/2013 17:42:52;"INGE";29/03/2013 17:42:52;"INGE"
300;6;1,0;138;29;29/03/2013 17:43:17;"INGE";29/03/2013 17:43:27;"INGE"
301;6;2,0;88;29;29/03/2013 17:43:27;"INGE";29/03/2013 17:43:27;"INGE"
303;4;60,0;146;30;30/03/2013 09:54:13;"HANS";30/03/2013 10:15:31;"HANS"
304;4;20,0;116;30;30/03/2013 09:54:26;"HANS";30/03/2013 10:15:31;"HANS"
305;5;1,0;147;30;30/03/2013 10:03:31;"HANS";30/03/2013 10:15:31;"HANS"
306;5;150,0;67;30;30/03/2013 10:03:43;"HANS";30/03/2013 10:15:31;"HANS"
307;5;2,0;45;30;30/03/2013 10:04:28;"HANS";30/03/2013 10:15:31;"HANS"
308;6;2,0;150;30;30/03/2013 10:10:28;"HANS";30/03/2013 10:15:31;"HANS"
309;4;4,0;151;30;30/03/2013 10:15:07;"HANS";30/03/2013 10:15:31;"HANS"
310;3;1,0;59;31;30/03/2013 13:45:07;"HANS";31/03/2013 10:55:35;"HANS"
311;3;6,0;13;31;30/03/2013 13:45:20;"HANS";31/03/2013 10:55:35;"HANS"
312;3;1,0;22;31;30/03/2013 13:45:42;"HANS";31/03/2013 10:55:35;"HANS"
313;3;20,0;66;31;30/03/2013 13:45:50;"HANS";31/03/2013 10:55:35;"HANS"
314;3;1,0;50;31;30/03/2013 13:45:58;"HANS";31/03/2013 10:55:35;"HANS"
315;1;2,0;47;33;30/03/2013 13:47:10;"INGE";30/03/2013 13:48:22;"INGE"
317;3;75,0;48;33;30/03/2013 13:47:53;"INGE";30/03/2013 13:48:22;"INGE"
318;3;1,0;22;33;30/03/2013 13:48:22;"INGE";30/03/2013 13:48:22;"INGE"
319;4;2,0;119;31;30/03/2013 19:59:45;"HANS";31/03/2013 10:55:35;"HANS"
320;5;200,0;135;31;30/03/2013 20:00:54;"HANS";31/03/2013 10:55:35;"HANS"
321;5;2,0;110;31;30/03/2013 20:01:27;"HANS";31/03/2013 10:55:35;"HANS"
322;6;2,0;117;31;31/03/2013 10:55:35;"HANS";31/03/2013 10:55:35;"HANS"
323;1;1,0;46;34;31/03/2013 10:55:58;"HANS";31/03/2013 21:19:34;"HANS"
324;1;30,0;56;34;31/03/2013 10:56:05;"HANS";31/03/2013 21:19:34;"HANS"
325;1;70,0;57;34;31/03/2013 10:56:11;"HANS";31/03/2013 21:19:34;"HANS"
326;2;2,0;152;34;31/03/2013 14:12:08;"HANS";31/03/2013 21:19:34;"HANS"
327;3;5,0;13;34;31/03/2013 14:12:35;"HANS";31/03/2013 21:19:34;"HANS"
328;3;30,0;66;34;31/03/2013 14:12:55;"HANS";31/03/2013 21:19:34;"HANS"
329;3;30,0;52;34;31/03/2013 14:13:10;"HANS";31/03/2013 21:19:34;"HANS"
330;3;1,0;152;34;31/03/2013 14:13:18;"HANS";31/03/2013 21:19:34;"HANS"
331;6;2,0;152;34;31/03/2013 21:15:31;"HANS";31/03/2013 21:19:34;"HANS"
332;5;120,0;100;34;31/03/2013 21:16:10;"HANS";31/03/2013 21:19:34;"HANS"
333;5;90,0;153;34;31/03/2013 21:18:20;"HANS";31/03/2013 21:19:34;"HANS"
334;4;1,0;151;34;31/03/2013 21:19:22;"HANS";31/03/2013 21:19:34;"HANS"
335;5;1,0;70;34;31/03/2013 21:19:34;"HANS";31/03/2013 21:19:34;"HANS"
336;1;100,0;57;35;01/04/2013 10:23:41;"HANS";02/04/2013 09:04:49;"HANS"
337;1;40,0;56;35;01/04/2013 10:23:47;"HANS";02/04/2013 09:04:49;"HANS"
338;1;1,0;16;36;01/04/2013 10:37:43;"INGE";01/04/2013 19:01:06;"INGE"
339;1;40,0;82;36;01/04/2013 10:37:56;"INGE";01/04/2013 19:01:06;"INGE"
340;3;4,0;13;35;01/04/2013 13:31:34;"HANS";02/04/2013 09:04:49;"HANS"
341;3;40,0;154;35;01/04/2013 13:31:43;"HANS";02/04/2013 09:04:49;"HANS"
342;3;2,0;60;35;01/04/2013 13:39:09;"HANS";02/04/2013 09:04:49;"HANS"
343;2;1,0;155;36;01/04/2013 13:42:38;"INGE";01/04/2013 19:01:06;"INGE"
344;3;2,0;13;36;01/04/2013 13:42:56;"INGE";01/04/2013 19:01:06;"INGE"
345;3;1,0;22;36;01/04/2013 13:43:07;"INGE";01/04/2013 19:01:06;"INGE"
346;3;15,0;156;36;01/04/2013 13:46:50;"INGE";01/04/2013 19:01:06;"INGE"
347;3;1,0;152;35;01/04/2013 13:56:46;"HANS";02/04/2013 09:04:49;"HANS"
348;4;2,0;13;35;01/04/2013 15:37:54;"HANS";02/04/2013 09:04:49;"HANS"
349;4;2,0;60;35;01/04/2013 15:38:10;"HANS";02/04/2013 09:04:49;"HANS"
350;5;4,0;13;35;01/04/2013 15:38:35;"HANS";02/04/2013 09:04:49;"HANS"
352;5;400,0;143;35;01/04/2013 15:41:09;"HANS";02/04/2013 09:04:49;"HANS"
353;4;3,0;87;36;01/04/2013 15:42:18;"INGE";01/04/2013 19:01:06;"INGE"
354;5;1,0;159;36;01/04/2013 19:00:30;"INGE";01/04/2013 19:01:06;"INGE"
355;5;3,0;13;36;01/04/2013 19:00:43;"INGE";01/04/2013 19:01:06;"INGE"
356;5;1,0;74;36;01/04/2013 19:01:06;"INGE";01/04/2013 19:01:06;"INGE"
357;5;1,0;159;35;01/04/2013 19:26:49;"HANS";02/04/2013 09:04:49;"HANS"
358;5;2,0;74;35;01/04/2013 19:27:10;"HANS";02/04/2013 09:04:49;"HANS"
359;5;1,0;50;35;01/04/2013 19:27:28;"HANS";02/04/2013 09:04:49;"HANS"
360;4;1,0;119;35;01/04/2013 19:28:06;"HANS";02/04/2013 09:04:49;"HANS"
361;6;1,0;13;35;02/04/2013 09:04:40;"HANS";02/04/2013 09:04:49;"HANS"
362;6;1,0;152;35;02/04/2013 09:04:49;"HANS";02/04/2013 09:04:49;"HANS"
363;1;40,0;56;37;02/04/2013 09:05:06;"HANS";02/04/2013 21:14:19;"HANS"
364;1;100,0;57;37;02/04/2013 09:05:12;"HANS";02/04/2013 21:14:19;"HANS"
365;1;2,0;13;37;02/04/2013 09:05:18;"HANS";02/04/2013 21:14:19;"HANS"
366;1;1,0;60;37;02/04/2013 09:05:23;"HANS";02/04/2013 21:14:19;"HANS"
367;3;5,0;13;37;02/04/2013 12:51:47;"HANS";02/04/2013 21:14:19;"HANS"
368;3;20,0;154;37;02/04/2013 12:52:01;"HANS";02/04/2013 21:14:19;"HANS"
369;3;1,0;22;37;02/04/2013 12:52:15;"HANS";02/04/2013 21:14:19;"HANS"
370;3;1,0;50;37;02/04/2013 12:52:29;"HANS";02/04/2013 21:14:19;"HANS"
371;3;1,0;60;37;02/04/2013 12:53:11;"HANS";02/04/2013 21:14:19;"HANS"
372;1;40,0;82;38;02/04/2013 13:10:42;"INGE";03/04/2013 08:33:21;"INGE"
373;1;1,0;16;38;02/04/2013 13:10:50;"INGE";03/04/2013 08:33:21;"INGE"
374;3;2,0;13;38;02/04/2013 13:11:11;"INGE";03/04/2013 08:33:21;"INGE"
375;3;1,0;22;38;02/04/2013 13:11:20;"INGE";03/04/2013 08:33:21;"INGE"
376;3;2,0;155;38;02/04/2013 13:11:32;"INGE";03/04/2013 08:33:21;"INGE"
377;3;1,0;16;38;02/04/2013 13:11:40;"INGE";03/04/2013 08:33:21;"INGE"
378;4;1,0;155;38;02/04/2013 16:28:23;"INGE";03/04/2013 08:33:21;"INGE"
379;5;2,0;59;37;02/04/2013 20:19:43;"HANS";02/04/2013 21:14:19;"HANS"
380;5;80,0;68;37;02/04/2013 20:20:10;"HANS";02/04/2013 21:14:19;"HANS"
381;5;150,0;160;37;02/04/2013 20:22:36;"HANS";02/04/2013 21:14:19;"HANS"
382;5;80,0;64;37;02/04/2013 20:24:34;"HANS";02/04/2013 21:14:19;"HANS"
383;4;1,0;119;37;02/04/2013 21:14:04;"HANS";02/04/2013 21:14:19;"HANS"
384;6;1,0;13;37;02/04/2013 21:14:19;"HANS";02/04/2013 21:14:19;"HANS"
385;5;150,0;63;38;03/04/2013 08:29:52;"INGE";03/04/2013 08:33:21;"INGE"
386;5;100,0;64;38;03/04/2013 08:32:07;"INGE";03/04/2013 08:33:21;"INGE"
387;5;150,0;160;38;03/04/2013 08:33:04;"INGE";03/04/2013 08:33:21;"INGE"
388;4;2,0;138;38;03/04/2013 08:33:21;"INGE";03/04/2013 08:33:21;"INGE"
389;1;40,0;82;39;03/04/2013 08:33:50;"INGE";03/04/2013 23:01:26;"INGE"
390;1;120,0;57;40;03/04/2013 08:54:09;"HANS";03/04/2013 23:20:05;"HANS"
391;1;35,0;54;40;03/04/2013 08:54:33;"HANS";03/04/2013 23:20:05;"HANS"
392;1;1,0;13;40;03/04/2013 08:54:45;"HANS";03/04/2013 23:20:05;"HANS"
393;1;1,0;60;40;03/04/2013 08:54:58;"HANS";03/04/2013 23:20:05;"HANS"
394;2;100,0;104;39;03/04/2013 10:52:13;"INGE";03/04/2013 23:01:26;"INGE"
395;2;0,5;65;39;03/04/2013 10:55:21;"INGE";03/04/2013 23:01:26;"INGE"
396;3;2,5;13;39;03/04/2013 13:25:54;"INGE";03/04/2013 23:01:26;"INGE"
397;3;1,0;22;39;03/04/2013 13:26:07;"INGE";03/04/2013 23:01:26;"INGE"
398;3;2,0;138;39;03/04/2013 13:26:15;"INGE";03/04/2013 23:01:26;"INGE"
399;5;200,0;135;39;03/04/2013 13:28:13;"INGE";03/04/2013 23:01:26;"INGE"
400;5;1,0;130;39;03/04/2013 13:28:33;"INGE";03/04/2013 23:01:26;"INGE"
401;5;1,5;22;39;03/04/2013 13:34:08;"INGE";03/04/2013 23:01:26;"INGE"
402;3;5,0;13;40;03/04/2013 13:35:19;"HANS";03/04/2013 23:20:05;"HANS"
403;3;20,0;154;40;03/04/2013 13:35:32;"HANS";03/04/2013 23:20:05;"HANS"
404;3;1,0;22;40;03/04/2013 13:35:44;"HANS";03/04/2013 23:20:05;"HANS"
405;3;1,0;50;40;03/04/2013 13:36:23;"HANS";03/04/2013 23:20:05;"HANS"
406;3;1,0;60;40;03/04/2013 13:36:33;"HANS";03/04/2013 23:20:05;"HANS"
407;3;1,0;59;40;03/04/2013 13:36:46;"HANS";03/04/2013 23:20:05;"HANS"
408;4;1,0;119;40;03/04/2013 22:52:58;"HANS";03/04/2013 23:20:05;"HANS"
410;6;3,0;13;40;03/04/2013 22:57:49;"HANS";03/04/2013 23:20:05;"HANS"
411;6;1,0;59;40;03/04/2013 22:58:58;"HANS";03/04/2013 23:20:05;"HANS"
412;4;2,0;138;39;03/04/2013 23:00:07;"INGE";03/04/2013 23:01:26;"INGE"
418;5;1,0;161;40;03/04/2013 23:04:01;"HANS";03/04/2013 23:20:05;"HANS"
419;6;1,0;60;40;03/04/2013 23:19:38;"HANS";03/04/2013 23:20:05;"HANS"
420;1;4,0;13;41;04/04/2013 15:13:31;"HANS";05/04/2013 12:11:42;"HANS"
421;1;3,0;60;41;04/04/2013 15:13:43;"HANS";05/04/2013 12:11:42;"HANS"
422;3;5,0;13;41;04/04/2013 15:13:55;"HANS";05/04/2013 12:11:42;"HANS"
423;3;1,0;60;41;04/04/2013 15:14:05;"HANS";05/04/2013 12:11:42;"HANS"
424;3;1,0;22;41;04/04/2013 15:14:17;"HANS";05/04/2013 12:11:42;"HANS"
425;3;1,0;50;41;04/04/2013 15:14:24;"HANS";05/04/2013 12:11:42;"HANS"
426;3;1,0;163;41;04/04/2013 15:17:35;"HANS";05/04/2013 12:11:42;"HANS"
427;4;1,0;59;41;04/04/2013 15:18:05;"HANS";05/04/2013 12:11:42;"HANS"
428;4;1,0;162;41;04/04/2013 15:18:21;"HANS";05/04/2013 12:11:42;"HANS"
429;1;40,0;82;42;04/04/2013 15:19:17;"INGE";05/04/2013 19:51:31;"INGE"
430;2;2,0;138;42;04/04/2013 15:19:27;"INGE";05/04/2013 19:51:31;"INGE"
431;3;70,0;82;42;04/04/2013 15:19:40;"INGE";05/04/2013 19:51:31;"INGE"
432;4;3,0;162;42;04/04/2013 15:20:09;"INGE";05/04/2013 19:51:31;"INGE"
434;5;130,0;48;41;04/04/2013 18:44:52;"HANS";05/04/2013 12:11:42;"HANS"
435;1;1,5;13;43;05/04/2013 12:05:27;"HANS";05/04/2013 19:45:56;"HANS"
436;1;1,0;60;43;05/04/2013 12:05:37;"HANS";05/04/2013 19:45:56;"HANS"
437;1;30,0;56;43;05/04/2013 12:05:59;"HANS";05/04/2013 19:45:56;"HANS"
438;1;100,0;57;43;05/04/2013 12:06:10;"HANS";05/04/2013 19:45:56;"HANS"
439;3;4,0;13;43;05/04/2013 12:06:22;"HANS";05/04/2013 19:45:56;"HANS"
440;3;1,0;50;43;05/04/2013 12:06:34;"HANS";05/04/2013 19:45:56;"HANS"
442;3;1,0;22;43;05/04/2013 12:07:04;"HANS";05/04/2013 19:45:56;"HANS"
443;3;2,0;163;43;05/04/2013 12:07:19;"HANS";05/04/2013 19:45:56;"HANS"
444;5;200,0;142;42;05/04/2013 12:11:20;"HANS";05/04/2013 19:51:31;"INGE"
445;5;300,0;142;41;05/04/2013 12:11:42;"HANS";05/04/2013 12:11:42;"HANS"
446;5;80,0;48;42;05/04/2013 12:12:54;"INGE";05/04/2013 19:51:31;"INGE"
447;1;40,0;82;44;05/04/2013 12:13:49;"INGE";05/04/2013 19:44:45;"INGE"
448;3;2,5;13;44;05/04/2013 12:14:13;"INGE";05/04/2013 19:44:45;"INGE"
449;3;1,5;12;44;05/04/2013 12:15:05;"INGE";05/04/2013 19:44:45;"INGE"
450;3;1,0;141;44;05/04/2013 17:18:24;"INGE";05/04/2013 19:44:45;"INGE"
451;4;31,0;83;44;05/04/2013 17:18:58;"INGE";05/04/2013 19:44:45;"INGE"
452;5;1,0;164;43;05/04/2013 18:26:50;"HANS";05/04/2013 19:45:56;"HANS"
453;5;250,0;39;43;05/04/2013 19:41:07;"HANS";05/04/2013 19:45:56;"HANS"
454;6;5,0;167;43;05/04/2013 19:42:08;"HANS";05/04/2013 19:45:56;"HANS"
455;5;1,0;69;43;05/04/2013 19:42:21;"HANS";05/04/2013 19:45:56;"HANS"
456;5;1,0;164;44;05/04/2013 19:43:43;"INGE";05/04/2013 19:44:45;"INGE"
457;5;250,0;39;44;05/04/2013 19:44:01;"INGE";05/04/2013 19:44:45;"INGE"
458;6;1,0;167;44;05/04/2013 19:44:45;"INGE";05/04/2013 19:44:45;"INGE"
459;4;100,0;101;43;05/04/2013 19:45:43;"HANS";05/04/2013 19:45:56;"HANS"
460;4;4,0;138;42;05/04/2013 19:49:45;"INGE";05/04/2013 19:51:31;"INGE"
461;6;3,0;162;42;05/04/2013 19:51:31;"INGE";05/04/2013 19:51:31;"INGE"
462;1;2,0;47;45;05/04/2013 19:52:32;"INGE";06/04/2013 19:28:23;"INGE"
464;3;200,0;142;45;05/04/2013 19:54:08;"INGE";06/04/2013 19:28:23;"INGE"
465;3;2,5;13;45;05/04/2013 19:54:26;"INGE";06/04/2013 19:28:23;"INGE"
466;3;1,0;12;45;05/04/2013 19:54:46;"INGE";06/04/2013 19:28:23;"INGE"
467;5;250,0;39;45;05/04/2013 19:55:07;"INGE";06/04/2013 19:28:23;"INGE"
468;5;1,0;164;45;05/04/2013 19:55:40;"INGE";06/04/2013 19:28:23;"INGE"
470;1;1,0;46;46;06/04/2013 10:08:09;"HANS";06/04/2013 19:27:41;"HANS"
471;1;100,0;57;46;06/04/2013 10:08:23;"HANS";06/04/2013 19:27:41;"HANS"
472;1;40,0;54;46;06/04/2013 10:08:39;"HANS";06/04/2013 19:27:41;"HANS"
473;5;200,0;70;46;06/04/2013 10:09:01;"HANS";06/04/2013 19:27:41;"HANS"
474;3;105,0;48;46;06/04/2013 10:21:46;"HANS";06/04/2013 19:27:41;"HANS"
475;3;1,0;22;46;06/04/2013 10:22:14;"HANS";06/04/2013 19:27:41;"HANS"
477;1;1,0;16;45;06/04/2013 13:09:17;"INGE";06/04/2013 19:28:23;"INGE"
478;3;1,0;16;45;06/04/2013 13:11:52;"INGE";06/04/2013 19:28:23;"INGE"
479;3;250,0;142;46;06/04/2013 13:14:37;"HANS";06/04/2013 19:27:41;"HANS"
480;4;66,0;48;46;06/04/2013 16:19:35;"HANS";06/04/2013 19:27:41;"HANS"
481;4;1,0;60;46;06/04/2013 16:19:50;"HANS";06/04/2013 19:27:41;"HANS"
482;4;2,0;168;45;06/04/2013 16:26:02;"INGE";06/04/2013 19:28:23;"INGE"
483;5;200,0;39;46;06/04/2013 19:25:56;"HANS";06/04/2013 19:27:41;"HANS"
484;5;1,0;164;46;06/04/2013 19:26:15;"HANS";06/04/2013 19:27:41;"HANS"
486;5;1,0;59;46;06/04/2013 19:27:41;"HANS";06/04/2013 19:27:41;"HANS"
487;5;2,0;138;45;06/04/2013 19:28:23;"INGE";06/04/2013 19:28:23;"INGE"
488;1;1,0;16;47;07/04/2013 09:51:25;"INGE";07/04/2013 19:48:34;"INGE"
489;1;30,0;54;48;07/04/2013 09:51:25;"HANS";08/04/2013 16:31:15;"HANS"
490;1;80,0;57;48;07/04/2013 09:51:44;"HANS";08/04/2013 16:31:15;"HANS"
491;1;2,0;47;47;07/04/2013 09:51:49;"INGE";07/04/2013 19:48:34;"INGE"
492;1;1,0;46;48;07/04/2013 09:52:11;"HANS";08/04/2013 16:31:15;"HANS"
493;2;1,0;65;48;07/04/2013 11:36:12;"HANS";08/04/2013 16:31:15;"HANS"
494;3;1,0;169;48;07/04/2013 14:03:21;"HANS";08/04/2013 16:31:15;"HANS"
495;3;88,0;48;48;07/04/2013 14:05:31;"HANS";08/04/2013 16:31:15;"HANS"
496;3;1,0;22;48;07/04/2013 14:05:44;"HANS";08/04/2013 16:31:15;"HANS"
497;3;1,0;169;47;07/04/2013 14:08:13;"INGE";07/04/2013 19:48:34;"INGE"
498;3;65,0;48;47;07/04/2013 14:08:25;"INGE";07/04/2013 19:48:34;"INGE"
499;3;1,0;12;47;07/04/2013 14:08:44;"INGE";07/04/2013 19:48:34;"INGE"
500;3;1,0;50;48;07/04/2013 14:12:39;"HANS";08/04/2013 16:31:15;"HANS"
501;3;1,0;138;47;07/04/2013 14:13:57;"INGE";07/04/2013 19:48:34;"INGE"
502;3;65,0;48;48;07/04/2013 14:22:51;"HANS";08/04/2013 16:31:15;"HANS"
503;3;1,0;60;48;07/04/2013 14:23:06;"HANS";08/04/2013 16:31:15;"HANS"
504;4;4,0;119;47;07/04/2013 17:20:56;"INGE";07/04/2013 19:48:34;"INGE"
505;4;1,0;83;47;07/04/2013 17:22:05;"INGE";07/04/2013 19:48:34;"INGE"
506;4;2,0;119;48;07/04/2013 17:22:38;"HANS";08/04/2013 16:31:15;"HANS"
507;5;200,0;170;48;07/04/2013 19:39:03;"HANS";08/04/2013 16:31:15;"HANS"
508;4;1,0;59;48;07/04/2013 19:39:21;"HANS";08/04/2013 16:31:15;"HANS"
509;5;1,0;140;48;07/04/2013 19:39:53;"HANS";08/04/2013 16:31:15;"HANS"
510;5;3,0;171;47;07/04/2013 19:48:34;"INGE";07/04/2013 19:48:34;"INGE"
511;5;200,0;70;48;07/04/2013 19:49:32;"HANS";08/04/2013 16:31:15;"HANS"
512;1;85,0;57;49;08/04/2013 08:33:42;"HANS";09/04/2013 00:03:24;"HANS"
513;1;30,0;54;49;08/04/2013 08:33:59;"HANS";09/04/2013 00:03:24;"HANS"
514;1;2,0;13;49;08/04/2013 08:34:26;"HANS";09/04/2013 00:03:24;"HANS"
515;1;2,0;60;49;08/04/2013 08:34:44;"HANS";09/04/2013 00:03:24;"HANS"
516;1;1,0;16;50;08/04/2013 11:09:40;"INGE";09/04/2013 22:06:02;"INGE"
517;1;40,0;82;50;08/04/2013 11:09:51;"INGE";09/04/2013 22:06:02;"INGE"
518;2;1,0;16;50;08/04/2013 11:10:02;"INGE";09/04/2013 22:06:02;"INGE"
519;2;2,0;172;50;08/04/2013 11:13:15;"INGE";09/04/2013 22:06:02;"INGE"
520;3;2,0;13;50;08/04/2013 11:13:28;"INGE";09/04/2013 22:06:02;"INGE"
521;3;30,0;137;50;08/04/2013 11:13:53;"INGE";09/04/2013 22:06:02;"INGE"
522;3;1,0;138;50;08/04/2013 11:14:16;"INGE";09/04/2013 22:06:02;"INGE"
525;4;1,0;85;50;08/04/2013 11:15:39;"INGE";09/04/2013 22:06:02;"INGE"
526;4;2,0;87;50;08/04/2013 11:16:51;"INGE";09/04/2013 22:06:02;"INGE"
527;3;5,0;13;49;08/04/2013 12:07:06;"HANS";09/04/2013 00:03:24;"HANS"
528;3;2,0;163;49;08/04/2013 12:38:38;"HANS";09/04/2013 00:03:24;"HANS"
529;3;3,0;60;49;08/04/2013 12:39:02;"HANS";09/04/2013 00:03:24;"HANS"
530;5;100,0;70;49;08/04/2013 20:02:18;"HANS";09/04/2013 00:03:24;"HANS"
531;5;1,0;59;49;08/04/2013 20:02:41;"HANS";09/04/2013 00:03:24;"HANS"
533;5;2,0;134;49;08/04/2013 20:08:19;"HANS";09/04/2013 00:03:24;"HANS"
534;1;2,0;13;51;09/04/2013 08:42:12;"HANS";09/04/2013 22:23:51;"HANS"
535;1;100,0;57;51;09/04/2013 08:42:34;"HANS";09/04/2013 22:23:51;"HANS"
536;1;30,0;54;51;09/04/2013 08:43:41;"HANS";09/04/2013 22:23:51;"HANS"
537;1;1,0;60;51;09/04/2013 08:46:02;"HANS";09/04/2013 22:23:51;"HANS"
538;3;5,0;13;51;09/04/2013 12:44:17;"HANS";09/04/2013 22:23:51;"HANS"
539;3;3,0;60;51;09/04/2013 12:44:32;"HANS";09/04/2013 22:23:51;"HANS"
540;3;2,0;163;51;09/04/2013 12:44:56;"HANS";09/04/2013 22:23:51;"HANS"
541;2;1,0;173;51;09/04/2013 12:47:48;"HANS";09/04/2013 22:23:51;"HANS"
543;3;2,0;13;52;09/04/2013 12:48:57;"INGE";09/04/2013 21:43:36;"INGE"
544;3;0,5;52;52;09/04/2013 12:49:34;"INGE";09/04/2013 21:43:36;"INGE"
545;1;40,0;82;52;09/04/2013 12:50:04;"INGE";09/04/2013 21:43:36;"INGE"
547;2;30,0;82;52;09/04/2013 12:57:27;"INGE";09/04/2013 21:43:36;"INGE"
548;3;100,0;104;52;09/04/2013 12:57:53;"INGE";09/04/2013 21:43:36;"INGE"
549;5;150,0;63;52;09/04/2013 13:00:21;"INGE";09/04/2013 21:43:36;"INGE"
550;5;200,0;63;51;09/04/2013 13:00:47;"HANS";09/04/2013 22:23:51;"HANS"
551;5;50,0;144;52;09/04/2013 13:00:56;"INGE";09/04/2013 21:43:36;"INGE"
552;5;100,0;144;51;09/04/2013 13:01:02;"HANS";09/04/2013 22:23:51;"HANS"
553;5;100,0;176;52;09/04/2013 13:05:26;"INGE";09/04/2013 21:43:36;"INGE"
556;3;0,75;138;52;09/04/2013 13:08:06;"INGE";09/04/2013 21:43:36;"INGE"
557;5;180,0;176;51;09/04/2013 13:24:14;"HANS";09/04/2013 22:23:51;"HANS"
558;3;1,0;59;51;09/04/2013 13:24:42;"HANS";09/04/2013 22:23:51;"HANS"
559;4;1,5;51;52;09/04/2013 16:47:30;"INGE";09/04/2013 21:43:36;"INGE"
560;6;3,0;59;51;09/04/2013 20:44:09;"HANS";09/04/2013 22:23:51;"HANS"
561;4;20,0;179;52;09/04/2013 21:37:54;"INGE";09/04/2013 21:43:36;"INGE"
562;6;20,0;82;52;09/04/2013 21:40:04;"INGE";09/04/2013 21:43:36;"INGE"
564;6;1,0;118;52;09/04/2013 21:43:36;"INGE";09/04/2013 21:43:36;"INGE"
565;1;1,5;77;53;09/04/2013 21:45:58;"INGE";11/04/2013 11:15:21;"INGE"
566;1;2,0;13;53;09/04/2013 21:46:12;"INGE";11/04/2013 11:15:21;"INGE"
568;1;1,0;15;53;09/04/2013 21:52:34;"INGE";11/04/2013 11:15:21;"INGE"
571;3;2,0;13;53;09/04/2013 21:56:47;"INGE";11/04/2013 11:15:21;"INGE"
572;3;30,0;52;53;09/04/2013 21:57:02;"INGE";11/04/2013 11:15:21;"INGE"
573;3;1,0;124;53;09/04/2013 21:57:15;"INGE";11/04/2013 11:15:21;"INGE"
574;3;1,5;45;53;09/04/2013 21:57:28;"INGE";11/04/2013 11:15:21;"INGE"
575;5;100,0;66;53;09/04/2013 21:58:31;"INGE";11/04/2013 11:15:21;"INGE"
576;5;120,0;63;53;09/04/2013 21:59:02;"INGE";11/04/2013 11:15:21;"INGE"
577;5;0,25;77;53;09/04/2013 21:59:30;"INGE";11/04/2013 11:15:21;"INGE"
579;5;1,0;112;53;09/04/2013 22:00:17;"INGE";11/04/2013 11:15:21;"INGE"
580;4;30,0;83;53;09/04/2013 22:01:36;"INGE";11/04/2013 11:15:21;"INGE"
583;4;10,0;138;50;09/04/2013 22:04:56;"INGE";09/04/2013 22:06:02;"INGE"
584;5;2,0;134;50;09/04/2013 22:05:44;"INGE";09/04/2013 22:06:02;"INGE"
585;6;2,0;13;51;09/04/2013 22:23:43;"HANS";09/04/2013 22:23:51;"HANS"
586;6;2,0;60;51;09/04/2013 22:23:51;"HANS";09/04/2013 22:23:51;"HANS"
587;1;1,5;77;54;10/04/2013 08:45:30;"HANS";11/04/2013 08:24:40;"HANS"
588;1;4,0;13;54;10/04/2013 08:45:46;"HANS";11/04/2013 08:24:40;"HANS"
589;1;2,0;60;54;10/04/2013 08:45:56;"HANS";11/04/2013 08:24:40;"HANS"
590;2;1,0;173;54;10/04/2013 11:19:50;"HANS";11/04/2013 08:24:40;"HANS"
591;2;0,75;155;53;10/04/2013 11:55:15;"INGE";11/04/2013 11:15:21;"INGE"
592;3;1,5;134;54;10/04/2013 12:50:25;"HANS";11/04/2013 08:24:40;"HANS"
594;3;0,5;76;53;10/04/2013 13:00:23;"INGE";11/04/2013 11:15:21;"INGE"
595;3;2,0;59;53;10/04/2013 13:06:47;"INGE";11/04/2013 11:15:21;"INGE"
596;5;90,0;181;53;10/04/2013 13:10:25;"INGE";11/04/2013 11:15:21;"INGE"
597;4;1,0;152;54;10/04/2013 19:50:55;"HANS";11/04/2013 08:24:40;"HANS"
598;5;1,0;182;54;10/04/2013 19:51:05;"HANS";11/04/2013 08:24:40;"HANS"
599;6;2,0;59;54;10/04/2013 19:51:16;"HANS";11/04/2013 08:24:40;"HANS"
600;5;150,0;66;54;11/04/2013 08:24:16;"HANS";11/04/2013 08:24:40;"HANS"
601;1;2,5;13;55;11/04/2013 08:25:40;"HANS";12/04/2013 09:40:40;"HANS"
602;1;3,0;60;55;11/04/2013 08:25:59;"HANS";12/04/2013 09:40:40;"HANS"
603;1;80,0;57;55;11/04/2013 08:26:44;"HANS";12/04/2013 09:40:40;"HANS"
604;1;30,0;54;55;11/04/2013 08:27:00;"HANS";12/04/2013 09:40:40;"HANS"
605;6;1,0;155;53;11/04/2013 11:15:21;"INGE";11/04/2013 11:15:21;"INGE"
606;1;40,0;82;56;11/04/2013 11:15:44;"INGE";13/04/2013 17:14:01;"INGE"
607;3;2,5;13;56;11/04/2013 11:16:01;"INGE";13/04/2013 17:14:01;"INGE"
608;3;1,0;22;56;11/04/2013 11:16:24;"INGE";13/04/2013 17:14:01;"INGE"
609;3;20,0;180;56;11/04/2013 11:16:39;"INGE";13/04/2013 17:14:01;"INGE"
610;5;200,0;142;56;11/04/2013 11:17:26;"INGE";13/04/2013 17:14:01;"INGE"
611;5;1,5;13;56;11/04/2013 11:17:43;"INGE";13/04/2013 17:14:01;"INGE"
614;3;1,0;141;56;11/04/2013 11:18:23;"INGE";13/04/2013 17:14:01;"INGE"
615;4;31,0;83;56;11/04/2013 11:19:18;"INGE";13/04/2013 17:14:01;"INGE"
616;6;30,0;82;56;11/04/2013 11:19:47;"INGE";13/04/2013 17:14:01;"INGE"
617;3;250,0;183;56;11/04/2013 11:24:27;"INGE";13/04/2013 17:14:01;"INGE"
620;3;4,0;13;55;11/04/2013 14:37:15;"HANS";12/04/2013 09:40:40;"HANS"
621;3;1,0;22;55;11/04/2013 14:37:22;"HANS";12/04/2013 09:40:40;"HANS"
622;3;1,0;50;55;11/04/2013 14:37:41;"HANS";12/04/2013 09:40:40;"HANS"
623;3;1,0;163;55;11/04/2013 14:38:07;"HANS";12/04/2013 09:40:40;"HANS"
624;3;120,0;101;55;11/04/2013 14:38:28;"HANS";12/04/2013 09:40:40;"HANS"
625;4;3,0;59;55;11/04/2013 18:43:20;"HANS";12/04/2013 09:40:40;"HANS"
626;5;4,0;13;55;11/04/2013 18:43:33;"HANS";12/04/2013 09:40:40;"HANS"
627;5;1,0;22;55;11/04/2013 18:43:43;"HANS";12/04/2013 09:40:40;"HANS"
628;5;30,0;52;55;11/04/2013 18:43:54;"HANS";12/04/2013 09:40:40;"HANS"
629;5;300,0;142;55;11/04/2013 18:44:24;"HANS";12/04/2013 09:40:40;"HANS"
630;5;3,0;60;55;11/04/2013 18:44:34;"HANS";12/04/2013 09:40:40;"HANS"
632;1;40,0;82;57;12/04/2013 09:37:07;"INGE";12/04/2013 23:01:40;"INGE"
633;1;1,0;16;57;12/04/2013 09:37:14;"INGE";12/04/2013 23:01:40;"INGE"
634;3;2,0;13;57;12/04/2013 09:37:26;"INGE";12/04/2013 23:01:40;"INGE"
635;3;200,0;142;57;12/04/2013 09:37:35;"INGE";12/04/2013 23:01:40;"INGE"
636;3;10,0;52;57;12/04/2013 09:37:49;"INGE";12/04/2013 23:01:40;"INGE"
637;3;1,0;124;57;12/04/2013 09:38:02;"INGE";12/04/2013 23:01:40;"INGE"
638;3;1,5;45;57;12/04/2013 09:38:11;"INGE";12/04/2013 23:01:40;"INGE"
639;3;2,0;59;57;12/04/2013 09:38:40;"INGE";12/04/2013 23:01:40;"INGE"
640;6;2,0;59;55;12/04/2013 09:40:40;"HANS";12/04/2013 09:40:40;"HANS"
641;1;100,0;57;58;12/04/2013 09:41:03;"HANS";12/04/2013 19:48:29;"HANS"
642;1;30,0;54;58;12/04/2013 09:41:19;"HANS";12/04/2013 19:48:29;"HANS"
644;6;220,0;186;57;12/04/2013 09:59:15;"INGE";12/04/2013 23:01:40;"INGE"
646;6;80,0;188;57;12/04/2013 10:03:55;"INGE";12/04/2013 23:01:40;"INGE"
648;3;4,0;13;58;12/04/2013 14:01:35;"HANS";12/04/2013 19:48:29;"HANS"
649;3;1,0;22;58;12/04/2013 14:01:49;"HANS";12/04/2013 19:48:29;"HANS"
650;3;1,0;50;58;12/04/2013 14:02:10;"HANS";12/04/2013 19:48:29;"HANS"
651;3;20,0;66;58;12/04/2013 14:02:36;"HANS";12/04/2013 19:48:29;"HANS"
652;5;220,0;186;58;12/04/2013 14:03:06;"HANS";12/04/2013 19:48:29;"HANS"
653;4;80,0;189;57;12/04/2013 19:24:45;"INGE";12/04/2013 23:01:40;"INGE"
654;1;2,0;47;59;12/04/2013 19:25:36;"INGE";14/04/2013 14:00:12;"INGE"
655;1;1,0;16;59;12/04/2013 19:25:47;"INGE";14/04/2013 14:00:12;"INGE"
656;4;1,0;59;58;12/04/2013 19:46:15;"HANS";12/04/2013 19:48:29;"HANS"
657;5;100,0;188;58;12/04/2013 19:46:48;"HANS";12/04/2013 19:48:29;"HANS"
658;4;50,0;189;58;12/04/2013 19:48:29;"HANS";12/04/2013 19:48:29;"HANS"
659;6;1,0;155;57;12/04/2013 23:01:40;"INGE";12/04/2013 23:01:40;"INGE"
660;1;30,0;54;60;13/04/2013 08:36:37;"HANS";13/04/2013 22:51:14;"HANS"
661;1;80,0;57;60;13/04/2013 08:36:53;"HANS";13/04/2013 22:51:14;"HANS"
662;1;1,0;46;60;13/04/2013 08:37:14;"HANS";13/04/2013 22:51:14;"HANS"
663;3;60,0;48;59;13/04/2013 10:27:52;"INGE";14/04/2013 14:00:12;"INGE"
664;3;20,0;52;59;13/04/2013 10:28:57;"INGE";14/04/2013 14:00:12;"INGE"
665;3;1,0;124;59;13/04/2013 10:29:08;"INGE";14/04/2013 14:00:12;"INGE"
666;3;1,5;45;59;13/04/2013 10:29:23;"INGE";14/04/2013 14:00:12;"INGE"
667;3;1,25;155;59;13/04/2013 10:32:10;"INGE";14/04/2013 14:00:12;"INGE"
670;5;0,25;92;59;13/04/2013 10:34:43;"INGE";14/04/2013 14:00:12;"INGE"
671;5;2,0;74;59;13/04/2013 10:34:56;"INGE";14/04/2013 14:00:12;"INGE"
672;3;110,0;48;60;13/04/2013 12:29:28;"HANS";13/04/2013 22:51:14;"HANS"
673;3;0,5;22;60;13/04/2013 12:30:41;"HANS";13/04/2013 22:51:14;"HANS"
674;3;0,5;50;60;13/04/2013 12:30:56;"HANS";13/04/2013 22:51:14;"HANS"
675;3;32,0;66;60;13/04/2013 12:31:15;"HANS";13/04/2013 22:51:14;"HANS"
676;4;2,0;59;60;13/04/2013 12:56:56;"HANS";13/04/2013 22:51:14;"HANS"
678;4;65,0;48;60;13/04/2013 16:36:47;"HANS";13/04/2013 22:51:14;"HANS"
679;4;1,0;60;60;13/04/2013 16:37:04;"HANS";13/04/2013 22:51:14;"HANS"
680;4;1,0;119;60;13/04/2013 17:10:42;"HANS";13/04/2013 22:51:14;"HANS"
681;4;3,0;162;59;13/04/2013 17:12:07;"INGE";14/04/2013 14:00:12;"INGE"
683;4;2,0;119;59;13/04/2013 17:12:43;"INGE";14/04/2013 14:00:12;"INGE"
684;6;1,0;120;56;13/04/2013 17:13:27;"INGE";13/04/2013 17:14:01;"INGE"
685;5;50,0;66;60;13/04/2013 18:20:33;"HANS";13/04/2013 22:51:14;"HANS"
686;5;250,0;39;60;13/04/2013 18:20:55;"HANS";13/04/2013 22:51:14;"HANS"
687;5;330,0;190;60;13/04/2013 18:24:15;"HANS";13/04/2013 22:51:14;"HANS"
688;5;80,0;64;60;13/04/2013 22:51:14;"HANS";13/04/2013 22:51:14;"HANS"
689;1;1,0;46;61;14/04/2013 10:11:27;"HANS";14/04/2013 22:14:34;"HANS"
690;1;66,0;48;61;14/04/2013 10:12:18;"HANS";14/04/2013 22:14:34;"HANS"
691;1;1,0;60;61;14/04/2013 10:12:33;"HANS";14/04/2013 22:14:34;"HANS"
692;1;2,0;47;62;14/04/2013 10:13:24;"INGE";14/04/2013 14:39:46;"INGE"
693;3;60,0;48;62;14/04/2013 13:49:16;"INGE";14/04/2013 14:39:46;"INGE"
694;3;1,0;22;62;14/04/2013 13:49:31;"INGE";14/04/2013 14:39:46;"INGE"
695;3;0,5;77;62;14/04/2013 13:49:49;"INGE";14/04/2013 14:39:46;"INGE"
696;3;150,0;48;61;14/04/2013 13:49:50;"HANS";14/04/2013 22:14:34;"HANS"
697;3;1,0;45;62;14/04/2013 13:50:06;"INGE";14/04/2013 14:39:46;"INGE"
698;3;30,0;52;61;14/04/2013 13:50:29;"HANS";14/04/2013 22:14:34;"HANS"
699;3;1,0;155;62;14/04/2013 13:50:42;"INGE";14/04/2013 14:39:46;"INGE"
700;3;0,5;22;61;14/04/2013 13:50:49;"HANS";14/04/2013 22:14:34;"HANS"
701;5;100,0;68;62;14/04/2013 13:50:54;"INGE";14/04/2013 14:39:46;"INGE"
702;3;0,5;50;61;14/04/2013 13:51:05;"HANS";14/04/2013 22:14:34;"HANS"
703;5;1,0;159;62;14/04/2013 13:51:17;"INGE";14/04/2013 14:39:46;"INGE"
704;5;2,0;74;62;14/04/2013 13:51:32;"INGE";14/04/2013 14:39:46;"INGE"
705;5;1,0;45;62;14/04/2013 13:51:43;"INGE";14/04/2013 14:39:46;"INGE"
706;4;50,0;189;59;14/04/2013 13:53:20;"INGE";14/04/2013 14:00:12;"INGE"
707;5;1,5;45;59;14/04/2013 13:56:23;"INGE";14/04/2013 14:00:12;"INGE"
708;5;200,0;39;59;14/04/2013 13:57:10;"INGE";14/04/2013 14:00:12;"INGE"
709;5;40,0;64;59;14/04/2013 13:58:58;"INGE";14/04/2013 14:00:12;"INGE"
710;5;40,0;66;59;14/04/2013 13:59:11;"INGE";14/04/2013 14:00:12;"INGE"
711;5;1,0;155;59;14/04/2013 14:00:12;"INGE";14/04/2013 14:00:12;"INGE"
712;4;1,0;59;61;14/04/2013 14:39:07;"HANS";14/04/2013 22:14:34;"HANS"
713;4;1,0;152;62;14/04/2013 14:39:46;"INGE";14/04/2013 14:39:46;"INGE"
714;5;250,0;39;61;14/04/2013 22:12:53;"HANS";14/04/2013 22:14:34;"HANS"
715;5;60,0;188;61;14/04/2013 22:14:05;"HANS";14/04/2013 22:14:34;"HANS"
716;6;2,0;59;61;14/04/2013 22:14:34;"HANS";14/04/2013 22:14:34;"HANS"
