-- MySQL dump 10.13  Distrib 5.6.10, for Win64 (x86_64)
--
-- Host: localhost    Database: easyfit
-- ------------------------------------------------------
-- Server version	5.6.10

/*!40101 SET @OLD_CHARACTER_SET_CLIENT=@@CHARACTER_SET_CLIENT */;
/*!40101 SET @OLD_CHARACTER_SET_RESULTS=@@CHARACTER_SET_RESULTS */;
/*!40101 SET @OLD_COLLATION_CONNECTION=@@COLLATION_CONNECTION */;
/*!40101 SET NAMES utf8 */;
/*!40103 SET @OLD_TIME_ZONE=@@TIME_ZONE */;
/*!40103 SET TIME_ZONE='+00:00' */;
/*!40014 SET @OLD_UNIQUE_CHECKS=@@UNIQUE_CHECKS, UNIQUE_CHECKS=0 */;
/*!40014 SET @OLD_FOREIGN_KEY_CHECKS=@@FOREIGN_KEY_CHECKS, FOREIGN_KEY_CHECKS=0 */;
/*!40101 SET @OLD_SQL_MODE=@@SQL_MODE, SQL_MODE='NO_AUTO_VALUE_ON_ZERO' */;
/*!40111 SET @OLD_SQL_NOTES=@@SQL_NOTES, SQL_NOTES=0 */;

--
-- Table structure for table `consumption`
--

DROP TABLE IF EXISTS `consumption`;
/*!40101 SET @saved_cs_client     = @@character_set_client */;
/*!40101 SET character_set_client = utf8 */;
CREATE TABLE `consumption` (
  `id` int(11) NOT NULL AUTO_INCREMENT,
  `userid` int(11) DEFAULT NULL,
  `date` date NOT NULL,
  `points` decimal(10,2) DEFAULT NULL,
  `creationdate` timestamp NOT NULL DEFAULT CURRENT_TIMESTAMP,
  `creationuser` char(20) DEFAULT NULL,
  `updatedate` timestamp NOT NULL DEFAULT CURRENT_TIMESTAMP,
  `updateuser` char(20) DEFAULT NULL,
  `excercisepoints` decimal(10,2) DEFAULT NULL,
  PRIMARY KEY (`id`),
  KEY `userid` (`userid`),
  CONSTRAINT `consumption_ibfk_1` FOREIGN KEY (`userid`) REFERENCES `user` (`id`)
) ENGINE=InnoDB AUTO_INCREMENT=65 DEFAULT CHARSET=utf8;
/*!40101 SET character_set_client = @saved_cs_client */;

--
-- Dumping data for table `consumption`
--

LOCK TABLES `consumption` WRITE;
/*!40000 ALTER TABLE `consumption` DISABLE KEYS */;
INSERT INTO `consumption` VALUES (1,1,'2013-03-12',2.50,'2013-03-12 21:47:09','INGE','2013-03-17 16:46:11','INGE',NULL),(2,1,'2013-03-13',17.67,'2013-03-13 20:20:04','INGE','2013-03-17 16:46:08','INGE',NULL),(3,1,'2013-03-14',0.00,'2013-03-14 18:09:48','INGE','2013-03-17 16:45:58','INGE',NULL),(4,1,'2013-03-16',0.00,'2013-03-16 22:17:07','INGE','2013-03-17 16:45:50','INGE',NULL),(5,2,'2013-03-16',8.00,'2013-03-16 22:17:34','HANS','2013-03-17 16:46:33','HANS',NULL),(6,2,'2013-03-17',38.00,'2013-03-17 08:38:42','HANS','2013-03-17 16:28:08','HANS',NULL),(7,1,'2013-03-17',32.00,'2013-03-17 08:52:12','INGE','2013-03-17 20:33:52','INGE',NULL),(8,1,'2013-03-18',27.80,'2013-03-17 21:01:47','INGE','2013-03-18 21:08:41','INGE',NULL),(9,2,'2013-03-18',34.45,'2013-03-18 07:20:38','HANS','2013-03-18 21:38:31','HANS',NULL),(10,2,'2013-03-19',39.88,'2013-03-19 07:22:02','HANS','2013-03-19 20:03:58','HANS',NULL),(11,1,'2013-03-19',29.01,'2013-03-19 07:23:46','INGE','2013-03-20 07:32:52','INGE',NULL),(12,1,'2013-03-20',28.82,'2013-03-20 07:35:31','INGE','2013-03-21 07:30:57','INGE',NULL),(13,2,'2013-03-20',36.70,'2013-03-20 07:46:05','HANS','2013-03-20 19:52:07','HANS',NULL),(14,2,'2013-03-21',40.75,'2013-03-21 07:29:48','HANS','2013-03-21 21:40:51','HANS',NULL),(15,1,'2013-03-21',32.00,'2013-03-21 07:30:38','INGE','2013-03-21 21:43:15','INGE',NULL),(16,2,'2013-03-22',62.00,'2013-03-22 07:16:34','HANS','2013-03-22 20:22:04','HANS',NULL),(17,1,'2013-03-22',41.40,'2013-03-22 07:26:03','INGE','2013-03-22 20:19:58','INGE',NULL),(18,2,'2013-03-23',33.77,'2013-03-22 20:13:29','HANS','2013-03-23 21:00:17','HANS',NULL),(19,2,'2013-03-24',39.10,'2013-03-22 20:13:51','HANS','2013-03-24 19:35:27','HANS',NULL),(20,1,'2013-03-23',41.12,'2013-03-23 07:13:03','INGE','2013-03-23 20:45:54','INGE',NULL),(21,1,'2013-03-24',49.25,'2013-03-23 20:46:34','INGE','2013-03-24 19:24:44','INGE',NULL),(22,2,'2013-03-25',37.05,'2013-03-25 07:20:03','HANS','2013-03-25 22:27:36','HANS',NULL),(23,1,'2013-03-25',29.72,'2013-03-25 12:29:08','INGE','2013-03-26 08:39:37','INGE',NULL),(24,2,'2013-03-26',36.86,'2013-03-26 07:23:58','HANS','2013-03-26 22:22:51','HANS',NULL),(25,1,'2013-03-26',34.56,'2013-03-26 08:39:53','INGE','2013-03-27 12:36:58','INGE',NULL),(26,2,'2013-03-27',43.90,'2013-03-27 09:26:35','HANS','2013-03-27 21:49:16','HANS',NULL),(27,1,'2013-03-27',33.10,'2013-03-27 12:32:41','INGE','2013-03-27 21:50:25','INGE',NULL),(28,2,'2013-03-28',34.45,'2013-03-28 07:13:22','HANS','2013-03-28 15:47:21','HANS',NULL),(29,1,'2013-03-28',34.09,'2013-03-28 15:36:45','INGE','2013-03-29 16:43:27','INGE',NULL),(30,2,'2013-03-29',65.90,'2013-03-28 18:52:59','HANS','2013-03-30 09:15:31','HANS',NULL),(31,2,'2013-03-30',36.37,'2013-03-28 18:56:13','HANS','2013-03-31 08:55:35','HANS',NULL),(32,1,'2013-03-29',30.75,'2013-03-29 16:39:43','INGE','2013-03-29 16:42:52','INGE',NULL),(33,1,'2013-03-30',22.00,'2013-03-30 12:47:10','INGE','2013-03-30 12:48:22','INGE',NULL),(34,2,'2013-03-31',54.62,'2013-03-31 08:55:58','HANS','2013-03-31 19:19:34','HANS',NULL),(35,2,'2013-04-01',38.45,'2013-04-01 08:23:41','HANS','2013-04-02 07:04:49','HANS',NULL),(36,1,'2013-04-01',25.85,'2013-04-01 08:37:43','INGE','2013-04-01 17:01:06','INGE',NULL),(37,2,'2013-04-02',34.60,'2013-04-02 07:05:06','HANS','2013-04-02 19:14:19','HANS',NULL),(38,1,'2013-04-02',28.50,'2013-04-02 11:10:42','INGE','2013-04-03 06:33:21','INGE',NULL),(39,1,'2013-04-03',31.25,'2013-04-03 06:33:50','INGE','2013-04-03 21:01:26','INGE',NULL),(40,2,'2013-04-03',35.17,'2013-04-03 06:54:09','HANS','2013-04-03 21:20:05','HANS',NULL),(41,2,'2013-04-04',35.67,'2013-04-04 13:13:31','HANS','2013-04-05 10:11:42','HANS',NULL),(42,1,'2013-04-04',47.33,'2013-04-04 13:19:17','INGE','2013-04-05 17:51:31','INGE',NULL),(43,2,'2013-04-05',53.33,'2013-04-05 10:05:27','HANS','2013-04-05 17:45:56','HANS',NULL),(44,1,'2013-04-05',35.46,'2013-04-05 10:13:49','INGE','2013-04-05 17:44:45','INGE',NULL),(45,1,'2013-04-06',42.46,'2013-04-05 17:52:32','INGE','2013-04-06 17:28:23','INGE',NULL),(46,2,'2013-04-06',45.16,'2013-04-06 08:08:09','HANS','2013-04-06 17:27:41','HANS',NULL),(47,1,'2013-04-07',26.43,'2013-04-07 07:51:25','INGE','2013-04-07 17:48:34','INGE',NULL),(48,2,'2013-04-07',50.77,'2013-04-07 07:51:25','HANS','2013-04-08 14:31:15','HANS',NULL),(49,2,'2013-04-08',41.02,'2013-04-08 06:33:42','HANS','2013-04-08 22:03:24','HANS',NULL),(50,1,'2013-04-08',53.75,'2013-04-08 09:09:40','INGE','2013-04-09 20:06:02','INGE',NULL),(51,2,'2013-04-09',40.00,'2013-04-09 06:42:12','HANS','2013-04-09 20:23:51','HANS',NULL),(52,1,'2013-04-09',25.05,'2013-04-09 10:48:57','INGE','2013-04-09 19:43:36','INGE',NULL),(53,1,'2013-04-10',29.43,'2013-04-09 19:45:58','INGE','2013-04-11 09:15:21','INGE',NULL),(54,2,'2013-04-10',39.66,'2013-04-10 06:45:30','HANS','2013-04-11 06:24:40','HANS',NULL),(55,2,'2013-04-11',48.85,'2013-04-11 06:25:40','HANS','2013-04-13 21:05:30','HANS',NULL),(56,1,'2013-04-11',27.25,'2013-04-11 09:15:44','INGE','2013-04-11 09:25:00','INGE',NULL),(57,1,'2013-04-12',2.40,'2013-04-11 09:26:21','INGE','2013-04-11 09:26:21','INGE',NULL),(58,2,'2013-04-12',13.06,'2013-04-12 10:44:14','HANS','2013-04-19 22:01:55','HANS',9.00),(59,2,'2013-04-13',3.00,'2013-04-13 20:45:39','HANS','2013-04-13 20:53:11','HANS',NULL),(60,2,'2013-04-14',20.00,'2013-04-14 20:50:26','HANS','2013-04-14 21:07:32','HANS',NULL),(61,2,'2013-04-16',102.28,'2013-04-16 21:05:54','HANS','2013-04-19 21:33:07','HANS',0.00),(62,2,'2013-04-18',27.99,'2013-04-18 19:56:45','HANS','2013-04-18 20:01:41','HANS',NULL),(63,2,'2013-04-19',4.00,'2013-04-19 07:27:54','HANS','2013-04-19 21:53:52','HANS',11.00),(64,2,'2013-04-15',0.00,'2013-04-19 21:34:26','HANS','2013-04-19 21:34:26','HANS',15.00);
/*!40000 ALTER TABLE `consumption` ENABLE KEYS */;
UNLOCK TABLES;

--
-- Table structure for table `consumptiondetail`
--

DROP TABLE IF EXISTS `consumptiondetail`;
/*!40101 SET @saved_cs_client     = @@character_set_client */;
/*!40101 SET character_set_client = utf8 */;
CREATE TABLE `consumptiondetail` (
  `id` int(11) NOT NULL AUTO_INCREMENT,
  `type` smallint(6) NOT NULL DEFAULT '0',
  `amount` double DEFAULT NULL,
  `productid` int(11) NOT NULL,
  `consumptionid` int(11) NOT NULL,
  `creationdate` timestamp NOT NULL DEFAULT CURRENT_TIMESTAMP,
  `creationuser` char(20) DEFAULT NULL,
  `updatedate` timestamp NOT NULL DEFAULT CURRENT_TIMESTAMP,
  `updateuser` char(20) DEFAULT NULL,
  PRIMARY KEY (`id`),
  KEY `consumptionid` (`consumptionid`),
  KEY `productid` (`productid`),
  CONSTRAINT `consumptiondetail_ibfk_1` FOREIGN KEY (`consumptionid`) REFERENCES `consumption` (`id`),
  CONSTRAINT `consumptiondetail_ibfk_2` FOREIGN KEY (`productid`) REFERENCES `product` (`id`)
) ENGINE=InnoDB AUTO_INCREMENT=664 DEFAULT CHARSET=utf8;
/*!40101 SET character_set_client = @saved_cs_client */;

--
-- Dumping data for table `consumptiondetail`
--

LOCK TABLES `consumptiondetail` WRITE;
/*!40000 ALTER TABLE `consumptiondetail` DISABLE KEYS */;
INSERT INTO `consumptiondetail` VALUES (9,1,2,46,6,'2013-03-17 08:38:42','HANS','2013-03-17 16:28:08','HANS'),(10,1,3,47,7,'2013-03-17 08:52:12','INGE','2013-03-17 20:33:52','INGE'),(11,1,1,16,7,'2013-03-17 08:59:13','INGE','2013-03-17 20:33:52','INGE'),(13,3,60,48,7,'2013-03-17 12:39:32','INGE','2013-03-17 20:33:52','INGE'),(14,3,30,52,7,'2013-03-17 12:42:39','INGE','2013-03-17 20:33:52','INGE'),(15,3,1,51,7,'2013-03-17 12:44:06','INGE','2013-03-17 20:33:52','INGE'),(16,3,120,48,6,'2013-03-17 12:51:27','HANS','2013-03-17 16:28:08','HANS'),(17,3,1,50,6,'2013-03-17 12:51:37','HANS','2013-03-17 16:28:08','HANS'),(18,3,1,22,6,'2013-03-17 12:51:51','HANS','2013-03-17 16:28:08','HANS'),(19,3,30,52,6,'2013-03-17 12:52:09','HANS','2013-03-17 16:28:08','HANS'),(20,4,0.5,47,6,'2013-03-17 16:23:56','HANS','2013-03-17 16:28:08','HANS'),(21,4,250,53,6,'2013-03-17 16:27:24','HANS','2013-03-17 16:28:08','HANS'),(24,1,30,54,9,'2013-03-18 07:22:03','HANS','2013-03-18 21:38:31','HANS'),(25,1,0.5,13,9,'2013-03-18 07:22:30','HANS','2013-03-18 21:38:31','HANS'),(26,1,1,16,8,'2013-03-18 07:32:43','INGE','2013-03-18 21:08:41','INGE'),(27,1,30,40,8,'2013-03-18 07:33:45','INGE','2013-03-18 21:08:41','INGE'),(28,1,1,55,8,'2013-03-18 07:37:06','INGE','2013-03-18 21:08:41','INGE'),(29,2,2,58,8,'2013-03-18 11:31:14','INGE','2013-03-18 21:08:41','INGE'),(30,2,1,59,8,'2013-03-18 11:32:23','INGE','2013-03-18 21:08:41','INGE'),(31,3,3,13,8,'2013-03-18 11:32:36','INGE','2013-03-18 21:08:41','INGE'),(32,3,30,52,8,'2013-03-18 11:33:19','INGE','2013-03-18 21:08:41','INGE'),(34,3,2,60,8,'2013-03-18 11:36:03','INGE','2013-03-18 21:08:41','INGE'),(35,3,2,61,8,'2013-03-18 11:39:22','INGE','2013-03-18 21:08:41','INGE'),(36,3,1,62,8,'2013-03-18 11:44:15','INGE','2013-03-18 21:08:41','INGE'),(37,3,5,13,9,'2013-03-18 11:45:44','HANS','2013-03-18 21:38:31','HANS'),(38,3,2,22,9,'2013-03-18 11:46:00','HANS','2013-03-18 21:38:31','HANS'),(39,3,1,60,9,'2013-03-18 11:46:47','HANS','2013-03-18 21:38:31','HANS'),(40,3,1,59,9,'2013-03-18 11:47:07','HANS','2013-03-18 21:38:31','HANS'),(41,4,1,51,8,'2013-03-18 18:01:24','INGE','2013-03-18 21:08:41','INGE'),(42,5,150,63,8,'2013-03-18 18:05:43','INGE','2013-03-18 21:08:41','INGE'),(43,5,35,64,8,'2013-03-18 18:09:57','INGE','2013-03-18 21:08:41','INGE'),(44,4,1,65,9,'2013-03-18 18:15:10','HANS','2013-03-18 21:38:31','HANS'),(45,5,150,63,9,'2013-03-18 18:15:28','HANS','2013-03-18 21:38:31','HANS'),(46,5,20,64,9,'2013-03-18 18:15:55','HANS','2013-03-18 21:38:31','HANS'),(47,5,100,66,9,'2013-03-18 18:18:07','HANS','2013-03-18 21:38:31','HANS'),(48,5,1,59,9,'2013-03-18 18:19:04','HANS','2013-03-18 21:38:31','HANS'),(49,1,1,60,9,'2013-03-18 18:31:06','HANS','2013-03-18 21:38:31','HANS'),(50,6,40,54,9,'2013-03-18 19:34:30','HANS','2013-03-18 21:38:31','HANS'),(51,6,100,57,9,'2013-03-18 19:34:46','HANS','2013-03-18 21:38:31','HANS'),(52,6,1,59,8,'2013-03-18 21:08:41','INGE','2013-03-18 21:08:41','INGE'),(54,1,80,57,9,'2013-03-18 21:38:31','HANS','2013-03-18 21:38:31','HANS'),(55,1,100,57,10,'2013-03-19 07:22:02','HANS','2013-03-19 20:03:58','HANS'),(56,1,40,56,10,'2013-03-19 07:22:15','HANS','2013-03-19 20:03:58','HANS'),(57,1,1,55,10,'2013-03-19 07:22:24','HANS','2013-03-19 20:03:58','HANS'),(58,1,1,13,10,'2013-03-19 07:22:36','HANS','2013-03-19 20:03:58','HANS'),(59,1,1,60,10,'2013-03-19 07:22:56','HANS','2013-03-19 20:03:58','HANS'),(60,1,30,40,11,'2013-03-19 07:23:46','INGE','2013-03-20 07:32:52','INGE'),(61,1,1,59,11,'2013-03-19 07:23:56','INGE','2013-03-20 07:32:52','INGE'),(62,1,1,16,11,'2013-03-19 07:24:09','INGE','2013-03-20 07:32:52','INGE'),(63,1,1,55,11,'2013-03-19 07:24:28','INGE','2013-03-20 07:32:52','INGE'),(64,2,5,73,11,'2013-03-19 11:49:31','INGE','2013-03-20 07:32:52','INGE'),(65,3,2,13,11,'2013-03-19 11:50:23','INGE','2013-03-20 07:32:52','INGE'),(66,3,70,66,11,'2013-03-19 11:51:16','INGE','2013-03-20 07:32:52','INGE'),(67,3,5,13,10,'2013-03-19 11:52:20','HANS','2013-03-19 20:03:58','HANS'),(68,3,2,22,10,'2013-03-19 11:52:36','HANS','2013-03-19 20:03:58','HANS'),(69,3,1,50,10,'2013-03-19 11:52:49','HANS','2013-03-19 20:03:58','HANS'),(70,3,1,74,11,'2013-03-19 11:54:29','INGE','2013-03-20 07:32:52','INGE'),(71,3,2,74,10,'2013-03-19 11:54:31','HANS','2013-03-19 20:03:58','HANS'),(72,3,40,75,11,'2013-03-19 11:56:35','INGE','2013-03-20 07:32:52','INGE'),(73,3,4,60,11,'2013-03-19 12:03:32','INGE','2013-03-20 07:32:52','INGE'),(74,3,2,60,10,'2013-03-19 12:09:07','HANS','2013-03-19 20:03:58','HANS'),(75,3,0.5,76,11,'2013-03-19 12:10:17','INGE','2013-03-20 07:32:52','INGE'),(76,4,1,65,10,'2013-03-19 12:12:03','HANS','2013-03-19 20:03:58','HANS'),(77,5,2,79,10,'2013-03-19 12:26:18','HANS','2013-03-19 20:03:58','HANS'),(78,5,1,79,11,'2013-03-19 17:48:12','INGE','2013-03-20 07:32:52','INGE'),(79,5,0.5,79,11,'2013-03-19 19:52:11','INGE','2013-03-20 07:32:52','INGE'),(80,5,1,13,10,'2013-03-19 20:03:57','HANS','2013-03-19 20:03:57','HANS'),(81,6,0.5,65,11,'2013-03-20 07:32:52','INGE','2013-03-20 07:32:52','INGE'),(82,1,1,16,12,'2013-03-20 07:35:31','INGE','2013-03-21 07:30:57','INGE'),(83,1,40,82,12,'2013-03-20 07:35:43','INGE','2013-03-21 07:30:57','INGE'),(84,1,110,57,13,'2013-03-20 07:46:05','HANS','2013-03-20 19:52:07','HANS'),(85,1,40,54,13,'2013-03-20 07:46:35','HANS','2013-03-20 19:52:07','HANS'),(86,2,16,83,12,'2013-03-20 08:46:10','INGE','2013-03-21 07:30:57','INGE'),(87,3,70,48,12,'2013-03-20 11:47:23','INGE','2013-03-21 07:30:57','INGE'),(88,3,1,12,12,'2013-03-20 11:47:47','INGE','2013-03-21 07:30:57','INGE'),(89,3,130,48,13,'2013-03-20 11:51:58','HANS','2013-03-20 19:52:07','HANS'),(90,3,30,66,13,'2013-03-20 11:53:08','HANS','2013-03-20 19:52:07','HANS'),(91,3,0.5,22,13,'2013-03-20 11:55:14','HANS','2013-03-20 19:52:07','HANS'),(92,3,1,50,13,'2013-03-20 11:55:27','HANS','2013-03-20 19:52:07','HANS'),(93,3,1,76,12,'2013-03-20 12:26:54','INGE','2013-03-21 07:30:57','INGE'),(94,4,10,84,12,'2013-03-20 16:46:33','INGE','2013-03-21 07:30:57','INGE'),(95,4,1,85,12,'2013-03-20 16:48:04','INGE','2013-03-21 07:30:57','INGE'),(96,4,1,86,12,'2013-03-20 16:49:22','INGE','2013-03-21 07:30:57','INGE'),(97,4,3,87,13,'2013-03-20 16:51:38','HANS','2013-03-20 19:52:07','HANS'),(98,5,1,91,12,'2013-03-20 19:32:20','INGE','2013-03-21 07:30:57','INGE'),(99,5,100,97,12,'2013-03-20 19:36:12','INGE','2013-03-21 07:30:57','INGE'),(100,5,1,45,12,'2013-03-20 19:36:29','INGE','2013-03-21 07:30:57','INGE'),(101,6,1,88,12,'2013-03-20 19:37:09','INGE','2013-03-21 07:30:57','INGE'),(102,5,1,91,13,'2013-03-20 19:51:12','HANS','2013-03-20 19:52:07','HANS'),(103,5,50,48,13,'2013-03-20 19:51:30','HANS','2013-03-20 19:52:07','HANS'),(104,5,25,64,13,'2013-03-20 19:51:47','HANS','2013-03-20 19:52:07','HANS'),(105,1,40,54,14,'2013-03-21 07:29:48','HANS','2013-03-21 21:40:51','HANS'),(106,1,100,57,14,'2013-03-21 07:29:58','HANS','2013-03-21 21:40:51','HANS'),(107,1,40,82,15,'2013-03-21 07:30:38','INGE','2013-03-21 21:43:15','INGE'),(108,6,10,82,12,'2013-03-21 07:30:57','INGE','2013-03-21 07:30:57','INGE'),(110,4,1,65,14,'2013-03-21 16:42:59','HANS','2013-03-21 21:40:51','HANS'),(111,3,100,98,14,'2013-03-21 18:07:25','HANS','2013-03-21 21:40:51','HANS'),(112,3,100,99,14,'2013-03-21 18:09:13','HANS','2013-03-21 21:40:51','HANS'),(113,3,50,100,14,'2013-03-21 18:09:45','HANS','2013-03-21 21:40:51','HANS'),(114,3,120,101,14,'2013-03-21 18:10:09','HANS','2013-03-21 21:40:51','HANS'),(115,5,4,13,14,'2013-03-21 18:13:10','HANS','2013-03-21 21:40:51','HANS'),(116,5,2,22,14,'2013-03-21 18:13:22','HANS','2013-03-21 21:40:51','HANS'),(117,5,1,50,14,'2013-03-21 18:13:43','HANS','2013-03-21 21:40:51','HANS'),(118,5,300,102,14,'2013-03-21 18:16:10','HANS','2013-03-21 21:40:51','HANS'),(119,3,120,67,15,'2013-03-21 18:34:57','INGE','2013-03-21 21:43:15','INGE'),(120,3,80,66,15,'2013-03-21 18:35:25','INGE','2013-03-21 21:43:15','INGE'),(121,3,80,103,15,'2013-03-21 18:37:33','INGE','2013-03-21 21:43:15','INGE'),(122,4,4,89,15,'2013-03-21 18:38:03','INGE','2013-03-21 21:43:15','INGE'),(123,5,200,102,15,'2013-03-21 18:39:02','INGE','2013-03-21 21:43:15','INGE'),(124,5,2,13,15,'2013-03-21 18:39:36','INGE','2013-03-21 21:43:15','INGE'),(126,6,1,13,14,'2013-03-21 21:40:51','HANS','2013-03-21 21:40:51','HANS'),(127,6,1,88,15,'2013-03-21 21:43:05','INGE','2013-03-21 21:43:15','INGE'),(128,1,30,56,16,'2013-03-22 07:16:34','HANS','2013-03-22 20:22:04','HANS'),(129,1,100,57,16,'2013-03-22 07:16:52','HANS','2013-03-22 20:22:04','HANS'),(130,1,100,104,17,'2013-03-22 07:26:03','INGE','2013-03-22 20:19:58','INGE'),(131,2,1,105,17,'2013-03-22 11:07:48','INGE','2013-03-22 20:19:58','INGE'),(132,2,1,105,16,'2013-03-22 11:08:31','HANS','2013-03-22 20:22:04','HANS'),(133,3,2,13,16,'2013-03-22 11:38:17','HANS','2013-03-22 20:22:04','HANS'),(134,3,2,60,16,'2013-03-22 11:38:39','HANS','2013-03-22 20:22:04','HANS'),(135,4,2,13,16,'2013-03-22 14:29:52','HANS','2013-03-22 20:22:04','HANS'),(136,4,2,60,16,'2013-03-22 14:30:00','HANS','2013-03-22 20:22:04','HANS'),(137,3,31,83,17,'2013-03-22 15:58:48','INGE','2013-03-22 20:19:58','INGE'),(138,5,2,110,16,'2013-03-22 20:09:41','HANS','2013-03-22 20:22:04','HANS'),(139,5,200,39,16,'2013-03-22 20:11:13','HANS','2013-03-22 20:22:04','HANS'),(140,6,2,59,16,'2013-03-22 20:11:52','HANS','2013-03-22 20:22:04','HANS'),(141,1,2,46,18,'2013-03-22 20:13:29','HANS','2013-03-23 21:00:17','HANS'),(142,1,2,46,19,'2013-03-22 20:13:51','HANS','2013-03-24 19:35:27','HANS'),(143,5,2,110,17,'2013-03-22 20:16:33','INGE','2013-03-22 20:19:58','INGE'),(144,5,100,67,17,'2013-03-22 20:16:52','INGE','2013-03-22 20:19:58','INGE'),(145,5,30,116,17,'2013-03-22 20:19:58','INGE','2013-03-22 20:19:58','INGE'),(146,6,30,116,16,'2013-03-22 20:21:04','HANS','2013-03-22 20:22:04','HANS'),(147,5,400,70,16,'2013-03-22 20:22:04','HANS','2013-03-22 20:22:04','HANS'),(148,1,2,47,20,'2013-03-23 07:13:03','INGE','2013-03-23 20:45:54','INGE'),(151,3,200,102,20,'2013-03-23 07:14:36','INGE','2013-03-23 20:45:54','INGE'),(152,3,60,48,20,'2013-03-23 07:14:54','INGE','2013-03-23 20:45:54','INGE'),(153,3,30,52,20,'2013-03-23 07:15:12','INGE','2013-03-23 20:45:54','INGE'),(155,2,1,85,20,'2013-03-23 11:04:34','INGE','2013-03-23 20:45:54','INGE'),(157,3,130,48,18,'2013-03-23 12:27:59','HANS','2013-03-23 21:00:17','HANS'),(158,3,1,22,18,'2013-03-23 12:28:23','HANS','2013-03-23 21:00:17','HANS'),(159,3,1,50,18,'2013-03-23 12:28:31','HANS','2013-03-23 21:00:17','HANS'),(160,3,30,52,18,'2013-03-23 12:28:47','HANS','2013-03-23 21:00:17','HANS'),(161,3,1,60,18,'2013-03-23 12:32:14','HANS','2013-03-23 21:00:17','HANS'),(162,3,1,59,20,'2013-03-23 12:33:36','INGE','2013-03-23 20:45:54','INGE'),(163,3,1,88,20,'2013-03-23 12:33:58','INGE','2013-03-23 20:45:54','INGE'),(164,4,6,117,20,'2013-03-23 14:25:18','INGE','2013-03-23 20:45:54','INGE'),(165,4,30,83,18,'2013-03-23 17:00:35','HANS','2013-03-23 21:00:17','HANS'),(166,2,2,184,18,'2013-03-23 17:36:23','HANS','2013-03-23 21:00:17','HANS'),(167,5,300,39,18,'2013-03-23 17:46:12','HANS','2013-03-23 21:00:17','HANS'),(168,5,30,94,18,'2013-03-23 17:46:32','HANS','2013-03-23 21:00:17','HANS'),(169,4,15,83,20,'2013-03-23 20:43:56','INGE','2013-03-23 20:45:54','INGE'),(172,5,200,39,20,'2013-03-23 20:45:04','INGE','2013-03-23 20:45:54','INGE'),(173,5,50,94,20,'2013-03-23 20:45:24','INGE','2013-03-23 20:45:54','INGE'),(174,1,2,47,21,'2013-03-23 20:46:34','INGE','2013-03-24 19:24:44','INGE'),(176,3,2.5,13,21,'2013-03-23 20:47:12','INGE','2013-03-24 19:24:44','INGE'),(177,3,18,52,21,'2013-03-23 20:47:34','INGE','2013-03-24 19:24:44','INGE'),(178,3,100,102,21,'2013-03-23 20:47:45','INGE','2013-03-24 19:24:44','INGE'),(179,4,31,83,21,'2013-03-23 20:48:19','INGE','2013-03-24 19:24:44','INGE'),(180,3,150,48,19,'2013-03-24 12:49:41','HANS','2013-03-24 19:35:27','HANS'),(181,3,3,60,19,'2013-03-24 12:49:52','HANS','2013-03-24 19:35:27','HANS'),(183,3,50,66,19,'2013-03-24 12:50:56','HANS','2013-03-24 19:35:27','HANS'),(184,3,3,88,21,'2013-03-24 12:53:27','INGE','2013-03-24 19:24:44','INGE'),(186,5,1,121,19,'2013-03-24 15:39:27','HANS','2013-03-24 19:35:27','HANS'),(187,4,5,51,21,'2013-03-24 19:21:30','INGE','2013-03-24 19:24:44','INGE'),(188,5,1,121,21,'2013-03-24 19:22:54','INGE','2013-03-24 19:24:44','INGE'),(189,5,18,123,21,'2013-03-24 19:24:44','INGE','2013-03-24 19:24:44','INGE'),(190,5,30,123,19,'2013-03-24 19:25:18','HANS','2013-03-24 19:35:27','HANS'),(191,1,30,56,22,'2013-03-25 07:20:03','HANS','2013-03-25 22:27:36','HANS'),(192,1,70,57,22,'2013-03-25 07:20:11','HANS','2013-03-25 22:27:36','HANS'),(193,1,1,13,22,'2013-03-25 07:20:18','HANS','2013-03-25 22:27:36','HANS'),(194,1,1,60,22,'2013-03-25 07:20:25','HANS','2013-03-25 22:27:36','HANS'),(195,2,3,59,22,'2013-03-25 11:50:22','HANS','2013-03-25 22:27:36','HANS'),(196,3,4,13,22,'2013-03-25 11:58:32','HANS','2013-03-25 22:27:36','HANS'),(197,3,30,66,22,'2013-03-25 11:58:46','HANS','2013-03-25 22:27:36','HANS'),(198,1,40,82,23,'2013-03-25 12:29:08','INGE','2013-03-26 08:39:37','INGE'),(199,1,1,16,23,'2013-03-25 12:29:19','INGE','2013-03-26 08:39:37','INGE'),(200,2,3,87,23,'2013-03-25 12:29:35','INGE','2013-03-26 08:39:37','INGE'),(201,2,1,16,23,'2013-03-25 12:29:42','INGE','2013-03-26 08:39:37','INGE'),(202,3,3,13,23,'2013-03-25 12:29:55','INGE','2013-03-26 08:39:37','INGE'),(203,3,1,22,23,'2013-03-25 12:30:17','INGE','2013-03-26 08:39:37','INGE'),(204,3,2,60,23,'2013-03-25 12:30:30','INGE','2013-03-26 08:39:37','INGE'),(205,3,1,16,23,'2013-03-25 12:30:44','INGE','2013-03-26 08:39:37','INGE'),(206,4,0.5,83,23,'2013-03-25 17:36:04','INGE','2013-03-26 08:39:37','INGE'),(207,5,3,125,22,'2013-03-25 18:13:17','HANS','2013-03-25 22:27:36','HANS'),(209,4,1,65,22,'2013-03-25 18:14:16','HANS','2013-03-25 22:27:36','HANS'),(210,4,1,59,22,'2013-03-25 18:14:29','HANS','2013-03-25 22:27:36','HANS'),(211,5,2,125,23,'2013-03-25 19:52:22','INGE','2013-03-26 08:39:37','INGE'),(212,5,100,63,23,'2013-03-25 19:52:47','INGE','2013-03-26 08:39:37','INGE'),(213,6,20,123,22,'2013-03-25 22:27:36','HANS','2013-03-25 22:27:36','HANS'),(214,1,2,13,24,'2013-03-26 07:23:58','HANS','2013-03-26 22:22:51','HANS'),(215,1,2,60,24,'2013-03-26 07:24:04','HANS','2013-03-26 22:22:51','HANS'),(216,1,30,56,24,'2013-03-26 07:24:12','HANS','2013-03-26 22:22:51','HANS'),(217,1,70,57,24,'2013-03-26 07:24:22','HANS','2013-03-26 22:22:51','HANS'),(218,6,1,88,23,'2013-03-26 08:39:37','INGE','2013-03-26 08:39:37','INGE'),(219,1,1,16,25,'2013-03-26 08:39:53','INGE','2013-03-27 12:36:58','INGE'),(220,1,40,82,25,'2013-03-26 08:40:05','INGE','2013-03-27 12:36:58','INGE'),(222,2,1,73,25,'2013-03-26 08:43:20','INGE','2013-03-27 12:36:58','INGE'),(223,3,3,13,25,'2013-03-26 08:43:41','INGE','2013-03-27 12:36:58','INGE'),(226,3,2,60,25,'2013-03-26 08:46:48','INGE','2013-03-27 12:36:58','INGE'),(227,4,1,85,25,'2013-03-26 08:47:01','INGE','2013-03-27 12:36:58','INGE'),(228,5,1,134,25,'2013-03-26 09:01:24','INGE','2013-03-27 12:36:58','INGE'),(230,2,1,85,25,'2013-03-26 11:37:01','INGE','2013-03-27 12:36:58','INGE'),(231,3,30,137,25,'2013-03-26 11:41:32','INGE','2013-03-27 12:36:58','INGE'),(232,3,1,16,25,'2013-03-26 11:49:04','INGE','2013-03-27 12:36:58','INGE'),(233,3,4,13,24,'2013-03-26 16:46:23','HANS','2013-03-26 22:22:51','HANS'),(234,3,1,22,24,'2013-03-26 16:46:32','HANS','2013-03-26 22:22:51','HANS'),(235,3,30,66,24,'2013-03-26 16:46:43','HANS','2013-03-26 22:22:51','HANS'),(236,2,2,59,24,'2013-03-26 22:15:25','HANS','2013-03-26 22:22:51','HANS'),(237,5,1,134,24,'2013-03-26 22:15:48','HANS','2013-03-26 22:22:51','HANS'),(238,6,2,13,24,'2013-03-26 22:17:39','HANS','2013-03-26 22:22:51','HANS'),(239,6,3,60,24,'2013-03-26 22:17:56','HANS','2013-03-26 22:22:51','HANS'),(240,1,1,13,26,'2013-03-27 09:26:35','HANS','2013-03-27 21:49:16','HANS'),(241,1,1,60,26,'2013-03-27 09:26:42','HANS','2013-03-27 21:49:16','HANS'),(242,2,1,59,26,'2013-03-27 09:26:50','HANS','2013-03-27 21:49:16','HANS'),(243,1,70,57,26,'2013-03-27 09:27:54','HANS','2013-03-27 21:49:16','HANS'),(244,1,30,56,26,'2013-03-27 09:28:02','HANS','2013-03-27 21:49:16','HANS'),(245,3,4,13,26,'2013-03-27 12:30:54','HANS','2013-03-27 21:49:16','HANS'),(246,3,1,22,26,'2013-03-27 12:31:05','HANS','2013-03-27 21:49:16','HANS'),(247,3,1,12,26,'2013-03-27 12:31:24','HANS','2013-03-27 21:49:16','HANS'),(248,3,3,60,26,'2013-03-27 12:31:36','HANS','2013-03-27 21:49:16','HANS'),(249,3,1,138,26,'2013-03-27 12:31:47','HANS','2013-03-27 21:49:16','HANS'),(250,1,40,82,27,'2013-03-27 12:32:41','INGE','2013-03-27 21:50:25','INGE'),(251,2,31,83,27,'2013-03-27 12:32:59','INGE','2013-03-27 21:50:25','INGE'),(252,3,4,13,27,'2013-03-27 12:33:36','INGE','2013-03-27 21:50:25','INGE'),(253,3,30,52,27,'2013-03-27 12:34:38','INGE','2013-03-27 21:50:25','INGE'),(254,3,1.5,60,27,'2013-03-27 12:35:07','INGE','2013-03-27 21:50:25','INGE'),(255,3,1,138,27,'2013-03-27 12:35:47','INGE','2013-03-27 21:50:25','INGE'),(256,4,5,138,25,'2013-03-27 12:36:58','INGE','2013-03-27 12:36:58','INGE'),(257,5,250,139,26,'2013-03-27 17:31:28','HANS','2013-03-27 21:49:16','HANS'),(258,4,1,59,26,'2013-03-27 17:31:52','HANS','2013-03-27 21:49:16','HANS'),(259,6,1,138,26,'2013-03-27 21:49:16','HANS','2013-03-27 21:49:16','HANS'),(260,5,1,121,27,'2013-03-27 21:50:00','INGE','2013-03-27 21:50:25','INGE'),(261,4,5,138,27,'2013-03-27 21:50:25','INGE','2013-03-27 21:50:25','INGE'),(262,1,40,56,28,'2013-03-28 07:13:22','HANS','2013-03-28 15:47:21','HANS'),(263,1,90,57,28,'2013-03-28 07:13:31','HANS','2013-03-28 15:47:21','HANS'),(264,1,1.5,13,28,'2013-03-28 07:13:45','HANS','2013-03-28 15:47:21','HANS'),(265,1,2,60,28,'2013-03-28 07:13:55','HANS','2013-03-28 15:47:21','HANS'),(266,1,40,82,29,'2013-03-28 15:36:45','INGE','2013-03-29 16:43:27','INGE'),(267,3,1,88,29,'2013-03-28 15:37:24','INGE','2013-03-29 16:43:27','INGE'),(268,3,0.7,134,29,'2013-03-28 15:37:49','INGE','2013-03-29 16:43:27','INGE'),(269,3,1.5,141,29,'2013-03-28 15:40:13','INGE','2013-03-29 16:43:27','INGE'),(270,4,1,85,29,'2013-03-28 15:40:32','INGE','2013-03-29 16:43:27','INGE'),(271,5,200,142,29,'2013-03-28 15:41:30','INGE','2013-03-29 16:43:27','INGE'),(272,5,2,13,29,'2013-03-28 15:42:34','INGE','2013-03-29 16:43:27','INGE'),(273,5,1,22,29,'2013-03-28 15:43:05','INGE','2013-03-29 16:43:27','INGE'),(274,3,4,13,28,'2013-03-28 15:44:24','HANS','2013-03-28 15:47:21','HANS'),(275,3,1,22,28,'2013-03-28 15:44:35','HANS','2013-03-28 15:47:21','HANS'),(276,3,30,66,28,'2013-03-28 15:44:50','HANS','2013-03-28 15:47:21','HANS'),(277,3,1.5,141,28,'2013-03-28 15:45:03','HANS','2013-03-28 15:47:21','HANS'),(278,5,300,142,28,'2013-03-28 15:45:51','HANS','2013-03-28 15:47:21','HANS'),(280,5,2,13,28,'2013-03-28 15:47:21','HANS','2013-03-28 15:47:21','HANS'),(281,5,200,70,30,'2013-03-28 18:52:59','HANS','2013-03-30 09:15:31','HANS'),(283,1,60,57,30,'2013-03-28 18:54:58','HANS','2013-03-30 09:15:31','HANS'),(284,1,22,56,30,'2013-03-28 18:55:11','HANS','2013-03-30 09:15:31','HANS'),(285,3,2,13,30,'2013-03-28 18:55:26','HANS','2013-03-30 09:15:31','HANS'),(286,3,1,22,30,'2013-03-28 18:55:38','HANS','2013-03-30 09:15:31','HANS'),(288,1,1,46,31,'2013-03-28 18:56:13','HANS','2013-03-31 08:55:35','HANS'),(289,1,60,57,31,'2013-03-28 18:56:35','HANS','2013-03-31 08:55:35','HANS'),(290,1,30,56,31,'2013-03-28 18:56:48','HANS','2013-03-31 08:55:35','HANS'),(291,1,1,13,30,'2013-03-29 08:30:25','HANS','2013-03-30 09:15:31','HANS'),(292,1,1,60,30,'2013-03-29 08:30:47','HANS','2013-03-30 09:15:31','HANS'),(293,2,2,13,30,'2013-03-29 10:21:19','HANS','2013-03-30 09:15:31','HANS'),(294,2,2,59,30,'2013-03-29 10:21:33','HANS','2013-03-30 09:15:31','HANS'),(295,1,40,82,32,'2013-03-29 16:39:43','INGE','2013-03-29 16:42:52','INGE'),(296,2,31,83,32,'2013-03-29 16:39:59','INGE','2013-03-29 16:42:52','INGE'),(297,2,0.5,76,32,'2013-03-29 16:40:19','INGE','2013-03-29 16:42:52','INGE'),(298,3,2.5,13,32,'2013-03-29 16:40:34','INGE','2013-03-29 16:42:52','INGE'),(299,4,6,145,32,'2013-03-29 16:42:52','INGE','2013-03-29 16:42:52','INGE'),(300,6,1,138,29,'2013-03-29 16:43:17','INGE','2013-03-29 16:43:27','INGE'),(301,6,2,88,29,'2013-03-29 16:43:27','INGE','2013-03-29 16:43:27','INGE'),(303,4,60,146,30,'2013-03-30 08:54:13','HANS','2013-03-30 09:15:31','HANS'),(304,4,20,116,30,'2013-03-30 08:54:26','HANS','2013-03-30 09:15:31','HANS'),(305,5,1,147,30,'2013-03-30 09:03:31','HANS','2013-03-30 09:15:31','HANS'),(306,5,150,67,30,'2013-03-30 09:03:43','HANS','2013-03-30 09:15:31','HANS'),(307,5,2,45,30,'2013-03-30 09:04:28','HANS','2013-03-30 09:15:31','HANS'),(308,6,2,150,30,'2013-03-30 09:10:28','HANS','2013-03-30 09:15:31','HANS'),(309,4,4,151,30,'2013-03-30 09:15:07','HANS','2013-03-30 09:15:31','HANS'),(310,3,1,59,31,'2013-03-30 12:45:07','HANS','2013-03-31 08:55:35','HANS'),(311,3,6,13,31,'2013-03-30 12:45:20','HANS','2013-03-31 08:55:35','HANS'),(312,3,1,22,31,'2013-03-30 12:45:42','HANS','2013-03-31 08:55:35','HANS'),(313,3,20,66,31,'2013-03-30 12:45:50','HANS','2013-03-31 08:55:35','HANS'),(314,3,1,50,31,'2013-03-30 12:45:58','HANS','2013-03-31 08:55:35','HANS'),(315,1,2,47,33,'2013-03-30 12:47:10','INGE','2013-03-30 12:48:22','INGE'),(317,3,75,48,33,'2013-03-30 12:47:53','INGE','2013-03-30 12:48:22','INGE'),(318,3,1,22,33,'2013-03-30 12:48:22','INGE','2013-03-30 12:48:22','INGE'),(319,4,2,185,31,'2013-03-30 18:59:45','HANS','2013-03-31 08:55:35','HANS'),(320,5,200,135,31,'2013-03-30 19:00:54','HANS','2013-03-31 08:55:35','HANS'),(321,5,2,110,31,'2013-03-30 19:01:27','HANS','2013-03-31 08:55:35','HANS'),(322,6,2,117,31,'2013-03-31 08:55:35','HANS','2013-03-31 08:55:35','HANS'),(323,1,1,46,34,'2013-03-31 08:55:58','HANS','2013-03-31 19:19:34','HANS'),(324,1,30,56,34,'2013-03-31 08:56:05','HANS','2013-03-31 19:19:34','HANS'),(325,1,70,57,34,'2013-03-31 08:56:11','HANS','2013-03-31 19:19:34','HANS'),(326,2,2,152,34,'2013-03-31 12:12:08','HANS','2013-03-31 19:19:34','HANS'),(327,3,5,13,34,'2013-03-31 12:12:35','HANS','2013-03-31 19:19:34','HANS'),(328,3,30,66,34,'2013-03-31 12:12:55','HANS','2013-03-31 19:19:34','HANS'),(329,3,30,52,34,'2013-03-31 12:13:10','HANS','2013-03-31 19:19:34','HANS'),(330,3,1,152,34,'2013-03-31 12:13:18','HANS','2013-03-31 19:19:34','HANS'),(331,6,2,152,34,'2013-03-31 19:15:31','HANS','2013-03-31 19:19:34','HANS'),(332,5,120,100,34,'2013-03-31 19:16:10','HANS','2013-03-31 19:19:34','HANS'),(333,5,90,153,34,'2013-03-31 19:18:20','HANS','2013-03-31 19:19:34','HANS'),(334,4,1,151,34,'2013-03-31 19:19:22','HANS','2013-03-31 19:19:34','HANS'),(335,5,1,70,34,'2013-03-31 19:19:34','HANS','2013-03-31 19:19:34','HANS'),(336,1,100,57,35,'2013-04-01 08:23:41','HANS','2013-04-02 07:04:49','HANS'),(337,1,40,56,35,'2013-04-01 08:23:47','HANS','2013-04-02 07:04:49','HANS'),(338,1,1,16,36,'2013-04-01 08:37:43','INGE','2013-04-01 17:01:06','INGE'),(339,1,40,82,36,'2013-04-01 08:37:56','INGE','2013-04-01 17:01:06','INGE'),(340,3,4,13,35,'2013-04-01 11:31:34','HANS','2013-04-02 07:04:49','HANS'),(341,3,40,154,35,'2013-04-01 11:31:43','HANS','2013-04-02 07:04:49','HANS'),(342,3,2,60,35,'2013-04-01 11:39:09','HANS','2013-04-02 07:04:49','HANS'),(343,2,1,155,36,'2013-04-01 11:42:38','INGE','2013-04-01 17:01:06','INGE'),(344,3,2,13,36,'2013-04-01 11:42:56','INGE','2013-04-01 17:01:06','INGE'),(345,3,1,22,36,'2013-04-01 11:43:07','INGE','2013-04-01 17:01:06','INGE'),(346,3,15,156,36,'2013-04-01 11:46:50','INGE','2013-04-01 17:01:06','INGE'),(347,3,1,152,35,'2013-04-01 11:56:46','HANS','2013-04-02 07:04:49','HANS'),(348,4,2,13,35,'2013-04-01 13:37:54','HANS','2013-04-02 07:04:49','HANS'),(349,4,2,60,35,'2013-04-01 13:38:10','HANS','2013-04-02 07:04:49','HANS'),(350,5,4,13,35,'2013-04-01 13:38:35','HANS','2013-04-02 07:04:49','HANS'),(352,5,400,143,35,'2013-04-01 13:41:09','HANS','2013-04-02 07:04:49','HANS'),(353,4,3,87,36,'2013-04-01 13:42:18','INGE','2013-04-01 17:01:06','INGE'),(354,5,1,159,36,'2013-04-01 17:00:30','INGE','2013-04-01 17:01:06','INGE'),(355,5,3,13,36,'2013-04-01 17:00:43','INGE','2013-04-01 17:01:06','INGE'),(356,5,1,74,36,'2013-04-01 17:01:06','INGE','2013-04-01 17:01:06','INGE'),(357,5,1,159,35,'2013-04-01 17:26:49','HANS','2013-04-02 07:04:49','HANS'),(358,5,2,74,35,'2013-04-01 17:27:10','HANS','2013-04-02 07:04:49','HANS'),(359,5,1,50,35,'2013-04-01 17:27:28','HANS','2013-04-02 07:04:49','HANS'),(360,4,1,185,35,'2013-04-01 17:28:06','HANS','2013-04-02 07:04:49','HANS'),(361,6,1,13,35,'2013-04-02 07:04:40','HANS','2013-04-02 07:04:49','HANS'),(362,6,1,152,35,'2013-04-02 07:04:49','HANS','2013-04-02 07:04:49','HANS'),(363,1,40,56,37,'2013-04-02 07:05:06','HANS','2013-04-02 19:14:19','HANS'),(364,1,100,57,37,'2013-04-02 07:05:12','HANS','2013-04-02 19:14:19','HANS'),(365,1,2,13,37,'2013-04-02 07:05:18','HANS','2013-04-02 19:14:19','HANS'),(366,1,1,60,37,'2013-04-02 07:05:23','HANS','2013-04-02 19:14:19','HANS'),(367,3,5,13,37,'2013-04-02 10:51:47','HANS','2013-04-02 19:14:19','HANS'),(368,3,20,154,37,'2013-04-02 10:52:01','HANS','2013-04-02 19:14:19','HANS'),(369,3,1,22,37,'2013-04-02 10:52:15','HANS','2013-04-02 19:14:19','HANS'),(370,3,1,50,37,'2013-04-02 10:52:29','HANS','2013-04-02 19:14:19','HANS'),(371,3,1,60,37,'2013-04-02 10:53:11','HANS','2013-04-02 19:14:19','HANS'),(372,1,40,82,38,'2013-04-02 11:10:42','INGE','2013-04-03 06:33:21','INGE'),(373,1,1,16,38,'2013-04-02 11:10:50','INGE','2013-04-03 06:33:21','INGE'),(374,3,2,13,38,'2013-04-02 11:11:11','INGE','2013-04-03 06:33:21','INGE'),(375,3,1,22,38,'2013-04-02 11:11:20','INGE','2013-04-03 06:33:21','INGE'),(376,3,2,155,38,'2013-04-02 11:11:32','INGE','2013-04-03 06:33:21','INGE'),(377,3,1,16,38,'2013-04-02 11:11:40','INGE','2013-04-03 06:33:21','INGE'),(378,4,1,155,38,'2013-04-02 14:28:23','INGE','2013-04-03 06:33:21','INGE'),(379,5,2,59,37,'2013-04-02 18:19:43','HANS','2013-04-02 19:14:19','HANS'),(380,5,80,68,37,'2013-04-02 18:20:10','HANS','2013-04-02 19:14:19','HANS'),(381,5,150,160,37,'2013-04-02 18:22:36','HANS','2013-04-02 19:14:19','HANS'),(382,5,80,64,37,'2013-04-02 18:24:34','HANS','2013-04-02 19:14:19','HANS'),(383,4,1,185,37,'2013-04-02 19:14:04','HANS','2013-04-02 19:14:19','HANS'),(384,6,1,13,37,'2013-04-02 19:14:19','HANS','2013-04-02 19:14:19','HANS'),(385,5,150,63,38,'2013-04-03 06:29:52','INGE','2013-04-03 06:33:21','INGE'),(386,5,100,64,38,'2013-04-03 06:32:07','INGE','2013-04-03 06:33:21','INGE'),(387,5,150,160,38,'2013-04-03 06:33:04','INGE','2013-04-03 06:33:21','INGE'),(388,4,2,138,38,'2013-04-03 06:33:21','INGE','2013-04-03 06:33:21','INGE'),(389,1,40,82,39,'2013-04-03 06:33:50','INGE','2013-04-03 21:01:26','INGE'),(390,1,120,57,40,'2013-04-03 06:54:09','HANS','2013-04-03 21:20:05','HANS'),(391,1,35,54,40,'2013-04-03 06:54:33','HANS','2013-04-03 21:20:05','HANS'),(392,1,1,13,40,'2013-04-03 06:54:45','HANS','2013-04-03 21:20:05','HANS'),(393,1,1,60,40,'2013-04-03 06:54:58','HANS','2013-04-03 21:20:05','HANS'),(394,2,100,104,39,'2013-04-03 08:52:13','INGE','2013-04-03 21:01:26','INGE'),(395,2,0.5,65,39,'2013-04-03 08:55:21','INGE','2013-04-03 21:01:26','INGE'),(396,3,2.5,13,39,'2013-04-03 11:25:54','INGE','2013-04-03 21:01:26','INGE'),(397,3,1,22,39,'2013-04-03 11:26:07','INGE','2013-04-03 21:01:26','INGE'),(398,3,2,138,39,'2013-04-03 11:26:15','INGE','2013-04-03 21:01:26','INGE'),(399,5,200,135,39,'2013-04-03 11:28:13','INGE','2013-04-03 21:01:26','INGE'),(400,5,1,130,39,'2013-04-03 11:28:33','INGE','2013-04-03 21:01:26','INGE'),(401,5,1.5,22,39,'2013-04-03 11:34:08','INGE','2013-04-03 21:01:26','INGE'),(402,3,5,13,40,'2013-04-03 11:35:19','HANS','2013-04-03 21:20:05','HANS'),(403,3,20,154,40,'2013-04-03 11:35:32','HANS','2013-04-03 21:20:05','HANS'),(404,3,1,22,40,'2013-04-03 11:35:44','HANS','2013-04-03 21:20:05','HANS'),(405,3,1,50,40,'2013-04-03 11:36:23','HANS','2013-04-03 21:20:05','HANS'),(406,3,1,60,40,'2013-04-03 11:36:33','HANS','2013-04-03 21:20:05','HANS'),(407,3,1,59,40,'2013-04-03 11:36:46','HANS','2013-04-03 21:20:05','HANS'),(408,4,1,185,40,'2013-04-03 20:52:58','HANS','2013-04-03 21:20:05','HANS'),(410,6,3,13,40,'2013-04-03 20:57:49','HANS','2013-04-03 21:20:05','HANS'),(411,6,1,59,40,'2013-04-03 20:58:58','HANS','2013-04-03 21:20:05','HANS'),(412,4,2,138,39,'2013-04-03 21:00:07','INGE','2013-04-03 21:01:26','INGE'),(418,5,1,161,40,'2013-04-03 21:04:01','HANS','2013-04-03 21:20:05','HANS'),(419,6,1,60,40,'2013-04-03 21:19:38','HANS','2013-04-03 21:20:05','HANS'),(420,1,4,13,41,'2013-04-04 13:13:31','HANS','2013-04-05 10:11:42','HANS'),(421,1,3,60,41,'2013-04-04 13:13:43','HANS','2013-04-05 10:11:42','HANS'),(422,3,5,13,41,'2013-04-04 13:13:55','HANS','2013-04-05 10:11:42','HANS'),(423,3,1,60,41,'2013-04-04 13:14:05','HANS','2013-04-05 10:11:42','HANS'),(424,3,1,22,41,'2013-04-04 13:14:17','HANS','2013-04-05 10:11:42','HANS'),(425,3,1,50,41,'2013-04-04 13:14:24','HANS','2013-04-05 10:11:42','HANS'),(426,3,1,163,41,'2013-04-04 13:17:35','HANS','2013-04-05 10:11:42','HANS'),(427,4,1,59,41,'2013-04-04 13:18:05','HANS','2013-04-05 10:11:42','HANS'),(428,4,1,162,41,'2013-04-04 13:18:21','HANS','2013-04-05 10:11:42','HANS'),(429,1,40,82,42,'2013-04-04 13:19:17','INGE','2013-04-05 17:51:31','INGE'),(430,2,2,138,42,'2013-04-04 13:19:27','INGE','2013-04-05 17:51:31','INGE'),(431,3,70,82,42,'2013-04-04 13:19:40','INGE','2013-04-05 17:51:31','INGE'),(432,4,3,162,42,'2013-04-04 13:20:09','INGE','2013-04-05 17:51:31','INGE'),(434,5,130,48,41,'2013-04-04 16:44:52','HANS','2013-04-05 10:11:42','HANS'),(435,1,1.5,13,43,'2013-04-05 10:05:27','HANS','2013-04-05 17:45:56','HANS'),(436,1,1,60,43,'2013-04-05 10:05:37','HANS','2013-04-05 17:45:56','HANS'),(437,1,30,56,43,'2013-04-05 10:05:59','HANS','2013-04-05 17:45:56','HANS'),(438,1,100,57,43,'2013-04-05 10:06:10','HANS','2013-04-05 17:45:56','HANS'),(439,3,4,13,43,'2013-04-05 10:06:22','HANS','2013-04-05 17:45:56','HANS'),(440,3,1,50,43,'2013-04-05 10:06:34','HANS','2013-04-05 17:45:56','HANS'),(442,3,1,22,43,'2013-04-05 10:07:04','HANS','2013-04-05 17:45:56','HANS'),(443,3,2,163,43,'2013-04-05 10:07:19','HANS','2013-04-05 17:45:56','HANS'),(444,5,200,142,42,'2013-04-05 10:11:20','HANS','2013-04-05 17:51:31','INGE'),(445,5,300,142,41,'2013-04-05 10:11:42','HANS','2013-04-05 10:11:42','HANS'),(446,5,80,48,42,'2013-04-05 10:12:54','INGE','2013-04-05 17:51:31','INGE'),(447,1,40,82,44,'2013-04-05 10:13:49','INGE','2013-04-05 17:44:45','INGE'),(448,3,2.5,13,44,'2013-04-05 10:14:13','INGE','2013-04-05 17:44:45','INGE'),(449,3,1.5,12,44,'2013-04-05 10:15:05','INGE','2013-04-05 17:44:45','INGE'),(450,3,1,141,44,'2013-04-05 15:18:24','INGE','2013-04-05 17:44:45','INGE'),(451,4,31,83,44,'2013-04-05 15:18:58','INGE','2013-04-05 17:44:45','INGE'),(452,5,1,164,43,'2013-04-05 16:26:50','HANS','2013-04-05 17:45:56','HANS'),(453,5,250,39,43,'2013-04-05 17:41:07','HANS','2013-04-05 17:45:56','HANS'),(454,6,5,167,43,'2013-04-05 17:42:08','HANS','2013-04-05 17:45:56','HANS'),(455,5,1,69,43,'2013-04-05 17:42:21','HANS','2013-04-05 17:45:56','HANS'),(456,5,1,164,44,'2013-04-05 17:43:43','INGE','2013-04-05 17:44:45','INGE'),(457,5,250,39,44,'2013-04-05 17:44:01','INGE','2013-04-05 17:44:45','INGE'),(458,6,1,167,44,'2013-04-05 17:44:45','INGE','2013-04-05 17:44:45','INGE'),(459,4,100,101,43,'2013-04-05 17:45:43','HANS','2013-04-05 17:45:56','HANS'),(460,4,4,138,42,'2013-04-05 17:49:45','INGE','2013-04-05 17:51:31','INGE'),(461,6,3,162,42,'2013-04-05 17:51:31','INGE','2013-04-05 17:51:31','INGE'),(462,1,2,47,45,'2013-04-05 17:52:32','INGE','2013-04-06 17:28:23','INGE'),(464,3,200,142,45,'2013-04-05 17:54:08','INGE','2013-04-06 17:28:23','INGE'),(465,3,2.5,13,45,'2013-04-05 17:54:26','INGE','2013-04-06 17:28:23','INGE'),(466,3,1,12,45,'2013-04-05 17:54:46','INGE','2013-04-06 17:28:23','INGE'),(467,5,250,39,45,'2013-04-05 17:55:07','INGE','2013-04-06 17:28:23','INGE'),(468,5,1,164,45,'2013-04-05 17:55:40','INGE','2013-04-06 17:28:23','INGE'),(470,1,1,46,46,'2013-04-06 08:08:09','HANS','2013-04-06 17:27:41','HANS'),(471,1,100,57,46,'2013-04-06 08:08:23','HANS','2013-04-06 17:27:41','HANS'),(472,1,40,54,46,'2013-04-06 08:08:39','HANS','2013-04-06 17:27:41','HANS'),(473,5,200,70,46,'2013-04-06 08:09:01','HANS','2013-04-06 17:27:41','HANS'),(474,3,105,48,46,'2013-04-06 08:21:46','HANS','2013-04-06 17:27:41','HANS'),(475,3,1,22,46,'2013-04-06 08:22:14','HANS','2013-04-06 17:27:41','HANS'),(477,1,1,16,45,'2013-04-06 11:09:17','INGE','2013-04-06 17:28:23','INGE'),(478,3,1,16,45,'2013-04-06 11:11:52','INGE','2013-04-06 17:28:23','INGE'),(479,3,250,142,46,'2013-04-06 11:14:37','HANS','2013-04-06 17:27:41','HANS'),(480,4,66,48,46,'2013-04-06 14:19:35','HANS','2013-04-06 17:27:41','HANS'),(481,4,1,60,46,'2013-04-06 14:19:50','HANS','2013-04-06 17:27:41','HANS'),(482,4,2,168,45,'2013-04-06 14:26:02','INGE','2013-04-06 17:28:23','INGE'),(483,5,200,39,46,'2013-04-06 17:25:56','HANS','2013-04-06 17:27:41','HANS'),(484,5,1,164,46,'2013-04-06 17:26:15','HANS','2013-04-06 17:27:41','HANS'),(486,5,1,59,46,'2013-04-06 17:27:41','HANS','2013-04-06 17:27:41','HANS'),(487,5,2,138,45,'2013-04-06 17:28:23','INGE','2013-04-06 17:28:23','INGE'),(488,1,1,16,47,'2013-04-07 07:51:25','INGE','2013-04-07 17:48:34','INGE'),(489,1,30,54,48,'2013-04-07 07:51:25','HANS','2013-04-08 14:31:15','HANS'),(490,1,80,57,48,'2013-04-07 07:51:44','HANS','2013-04-08 14:31:15','HANS'),(491,1,2,47,47,'2013-04-07 07:51:49','INGE','2013-04-07 17:48:34','INGE'),(492,1,1,46,48,'2013-04-07 07:52:11','HANS','2013-04-08 14:31:15','HANS'),(493,2,1,65,48,'2013-04-07 09:36:12','HANS','2013-04-08 14:31:15','HANS'),(494,3,1,169,48,'2013-04-07 12:03:21','HANS','2013-04-08 14:31:15','HANS'),(495,3,88,48,48,'2013-04-07 12:05:31','HANS','2013-04-08 14:31:15','HANS'),(496,3,1,22,48,'2013-04-07 12:05:44','HANS','2013-04-08 14:31:15','HANS'),(497,3,1,169,47,'2013-04-07 12:08:13','INGE','2013-04-07 17:48:34','INGE'),(498,3,65,48,47,'2013-04-07 12:08:25','INGE','2013-04-07 17:48:34','INGE'),(499,3,1,12,47,'2013-04-07 12:08:44','INGE','2013-04-07 17:48:34','INGE'),(500,3,1,50,48,'2013-04-07 12:12:39','HANS','2013-04-08 14:31:15','HANS'),(501,3,1,138,47,'2013-04-07 12:13:57','INGE','2013-04-07 17:48:34','INGE'),(502,3,65,48,48,'2013-04-07 12:22:51','HANS','2013-04-08 14:31:15','HANS'),(503,3,1,60,48,'2013-04-07 12:23:06','HANS','2013-04-08 14:31:15','HANS'),(504,4,4,185,47,'2013-04-07 15:20:56','INGE','2013-04-07 17:48:34','INGE'),(505,4,1,83,47,'2013-04-07 15:22:05','INGE','2013-04-07 17:48:34','INGE'),(506,4,2,185,48,'2013-04-07 15:22:38','HANS','2013-04-08 14:31:15','HANS'),(507,5,200,170,48,'2013-04-07 17:39:03','HANS','2013-04-08 14:31:15','HANS'),(508,4,1,59,48,'2013-04-07 17:39:21','HANS','2013-04-08 14:31:15','HANS'),(509,5,1,140,48,'2013-04-07 17:39:53','HANS','2013-04-08 14:31:15','HANS'),(510,5,3,171,47,'2013-04-07 17:48:34','INGE','2013-04-07 17:48:34','INGE'),(511,5,200,70,48,'2013-04-07 17:49:32','HANS','2013-04-08 14:31:15','HANS'),(512,1,85,57,49,'2013-04-08 06:33:42','HANS','2013-04-08 22:03:24','HANS'),(513,1,30,54,49,'2013-04-08 06:33:59','HANS','2013-04-08 22:03:24','HANS'),(514,1,2,13,49,'2013-04-08 06:34:26','HANS','2013-04-08 22:03:24','HANS'),(515,1,2,60,49,'2013-04-08 06:34:44','HANS','2013-04-08 22:03:24','HANS'),(516,1,1,16,50,'2013-04-08 09:09:40','INGE','2013-04-09 20:06:02','INGE'),(517,1,40,82,50,'2013-04-08 09:09:51','INGE','2013-04-09 20:06:02','INGE'),(518,2,1,16,50,'2013-04-08 09:10:02','INGE','2013-04-09 20:06:02','INGE'),(519,2,2,172,50,'2013-04-08 09:13:15','INGE','2013-04-09 20:06:02','INGE'),(520,3,2,13,50,'2013-04-08 09:13:28','INGE','2013-04-09 20:06:02','INGE'),(521,3,30,137,50,'2013-04-08 09:13:53','INGE','2013-04-09 20:06:02','INGE'),(522,3,1,138,50,'2013-04-08 09:14:16','INGE','2013-04-09 20:06:02','INGE'),(525,4,1,85,50,'2013-04-08 09:15:39','INGE','2013-04-09 20:06:02','INGE'),(526,4,2,87,50,'2013-04-08 09:16:51','INGE','2013-04-09 20:06:02','INGE'),(527,3,5,13,49,'2013-04-08 10:07:06','HANS','2013-04-08 22:03:24','HANS'),(528,3,2,163,49,'2013-04-08 10:38:38','HANS','2013-04-08 22:03:24','HANS'),(529,3,3,60,49,'2013-04-08 10:39:02','HANS','2013-04-08 22:03:24','HANS'),(530,5,100,70,49,'2013-04-08 18:02:18','HANS','2013-04-08 22:03:24','HANS'),(531,5,1,59,49,'2013-04-08 18:02:41','HANS','2013-04-08 22:03:24','HANS'),(533,5,2,134,49,'2013-04-08 18:08:19','HANS','2013-04-08 22:03:24','HANS'),(534,1,2,13,51,'2013-04-09 06:42:12','HANS','2013-04-09 20:23:51','HANS'),(535,1,100,57,51,'2013-04-09 06:42:34','HANS','2013-04-09 20:23:51','HANS'),(536,1,30,54,51,'2013-04-09 06:43:41','HANS','2013-04-09 20:23:51','HANS'),(537,1,1,60,51,'2013-04-09 06:46:02','HANS','2013-04-09 20:23:51','HANS'),(538,3,5,13,51,'2013-04-09 10:44:17','HANS','2013-04-09 20:23:51','HANS'),(539,3,3,60,51,'2013-04-09 10:44:32','HANS','2013-04-09 20:23:51','HANS'),(540,3,2,163,51,'2013-04-09 10:44:56','HANS','2013-04-09 20:23:51','HANS'),(541,2,1,173,51,'2013-04-09 10:47:48','HANS','2013-04-09 20:23:51','HANS'),(543,3,2,13,52,'2013-04-09 10:48:57','INGE','2013-04-09 19:43:36','INGE'),(544,3,0.5,52,52,'2013-04-09 10:49:34','INGE','2013-04-09 19:43:36','INGE'),(545,1,40,82,52,'2013-04-09 10:50:04','INGE','2013-04-09 19:43:36','INGE'),(547,2,30,82,52,'2013-04-09 10:57:27','INGE','2013-04-09 19:43:36','INGE'),(548,3,100,104,52,'2013-04-09 10:57:53','INGE','2013-04-09 19:43:36','INGE'),(549,5,150,63,52,'2013-04-09 11:00:21','INGE','2013-04-09 19:43:36','INGE'),(550,5,200,63,51,'2013-04-09 11:00:47','HANS','2013-04-09 20:23:51','HANS'),(551,5,50,144,52,'2013-04-09 11:00:56','INGE','2013-04-09 19:43:36','INGE'),(552,5,100,144,51,'2013-04-09 11:01:02','HANS','2013-04-09 20:23:51','HANS'),(553,5,100,176,52,'2013-04-09 11:05:26','INGE','2013-04-09 19:43:36','INGE'),(556,3,0.75,138,52,'2013-04-09 11:08:06','INGE','2013-04-09 19:43:36','INGE'),(557,5,180,176,51,'2013-04-09 11:24:14','HANS','2013-04-09 20:23:51','HANS'),(558,3,1,59,51,'2013-04-09 11:24:42','HANS','2013-04-09 20:23:51','HANS'),(559,4,1.5,51,52,'2013-04-09 14:47:30','INGE','2013-04-09 19:43:36','INGE'),(560,6,3,59,51,'2013-04-09 18:44:09','HANS','2013-04-09 20:23:51','HANS'),(561,4,20,179,52,'2013-04-09 19:37:54','INGE','2013-04-09 19:43:36','INGE'),(562,6,20,82,52,'2013-04-09 19:40:04','INGE','2013-04-09 19:43:36','INGE'),(564,6,1,184,52,'2013-04-09 19:43:36','INGE','2013-04-09 19:43:36','INGE'),(565,1,1.5,77,53,'2013-04-09 19:45:58','INGE','2013-04-11 09:15:21','INGE'),(566,1,2,13,53,'2013-04-09 19:46:12','INGE','2013-04-11 09:15:21','INGE'),(568,1,1,15,53,'2013-04-09 19:52:34','INGE','2013-04-11 09:15:21','INGE'),(571,3,2,13,53,'2013-04-09 19:56:47','INGE','2013-04-11 09:15:21','INGE'),(572,3,30,52,53,'2013-04-09 19:57:02','INGE','2013-04-11 09:15:21','INGE'),(573,3,1,124,53,'2013-04-09 19:57:15','INGE','2013-04-11 09:15:21','INGE'),(574,3,1.5,45,53,'2013-04-09 19:57:28','INGE','2013-04-11 09:15:21','INGE'),(575,5,100,66,53,'2013-04-09 19:58:31','INGE','2013-04-11 09:15:21','INGE'),(576,5,120,63,53,'2013-04-09 19:59:02','INGE','2013-04-11 09:15:21','INGE'),(577,5,0.25,77,53,'2013-04-09 19:59:30','INGE','2013-04-11 09:15:21','INGE'),(579,5,1,112,53,'2013-04-09 20:00:17','INGE','2013-04-11 09:15:21','INGE'),(580,4,30,83,53,'2013-04-09 20:01:36','INGE','2013-04-11 09:15:21','INGE'),(583,4,10,138,50,'2013-04-09 20:04:56','INGE','2013-04-09 20:06:02','INGE'),(584,5,2,134,50,'2013-04-09 20:05:44','INGE','2013-04-09 20:06:02','INGE'),(585,6,2,13,51,'2013-04-09 20:23:43','HANS','2013-04-09 20:23:51','HANS'),(586,6,2,60,51,'2013-04-09 20:23:51','HANS','2013-04-09 20:23:51','HANS'),(587,1,1.5,77,54,'2013-04-10 06:45:30','HANS','2013-04-11 06:24:40','HANS'),(588,1,4,13,54,'2013-04-10 06:45:46','HANS','2013-04-11 06:24:40','HANS'),(589,1,2,60,54,'2013-04-10 06:45:56','HANS','2013-04-11 06:24:40','HANS'),(590,2,1,173,54,'2013-04-10 09:19:50','HANS','2013-04-11 06:24:40','HANS'),(591,2,0.75,155,53,'2013-04-10 09:55:15','INGE','2013-04-11 09:15:21','INGE'),(592,3,1.5,134,54,'2013-04-10 10:50:25','HANS','2013-04-11 06:24:40','HANS'),(594,3,0.5,76,53,'2013-04-10 11:00:23','INGE','2013-04-11 09:15:21','INGE'),(595,3,2,59,53,'2013-04-10 11:06:47','INGE','2013-04-11 09:15:21','INGE'),(596,5,90,181,53,'2013-04-10 11:10:25','INGE','2013-04-11 09:15:21','INGE'),(597,4,1,152,54,'2013-04-10 17:50:55','HANS','2013-04-11 06:24:40','HANS'),(598,5,1,182,54,'2013-04-10 17:51:05','HANS','2013-04-11 06:24:40','HANS'),(599,6,2,59,54,'2013-04-10 17:51:16','HANS','2013-04-11 06:24:40','HANS'),(600,5,150,66,54,'2013-04-11 06:24:16','HANS','2013-04-11 06:24:40','HANS'),(601,1,2.5,13,55,'2013-04-11 06:25:40','HANS','2013-04-13 21:05:30','HANS'),(602,1,5,60,55,'2013-04-11 06:25:59','HANS','2013-04-13 21:05:30','HANS'),(603,1,80,57,55,'2013-04-11 06:26:44','HANS','2013-04-13 21:05:30','HANS'),(604,1,30,54,55,'2013-04-11 06:27:00','HANS','2013-04-13 21:05:30','HANS'),(605,6,1,155,53,'2013-04-11 09:15:21','INGE','2013-04-11 09:15:21','INGE'),(606,1,40,82,56,'2013-04-11 09:15:44','INGE','2013-04-11 09:25:00','INGE'),(607,3,2.5,13,56,'2013-04-11 09:16:01','INGE','2013-04-11 09:25:00','INGE'),(608,3,1,22,56,'2013-04-11 09:16:24','INGE','2013-04-11 09:25:00','INGE'),(609,3,20,180,56,'2013-04-11 09:16:39','INGE','2013-04-11 09:25:00','INGE'),(610,5,200,142,56,'2013-04-11 09:17:26','INGE','2013-04-11 09:25:00','INGE'),(611,5,3,13,56,'2013-04-11 09:17:43','INGE','2013-04-11 09:25:00','INGE'),(612,5,1,22,56,'2013-04-11 09:17:56','INGE','2013-04-11 09:25:00','INGE'),(614,3,1,141,56,'2013-04-11 09:18:23','INGE','2013-04-11 09:25:00','INGE'),(615,4,31,83,56,'2013-04-11 09:19:18','INGE','2013-04-11 09:25:00','INGE'),(616,6,10,82,56,'2013-04-11 09:19:47','INGE','2013-04-11 09:25:00','INGE'),(617,3,250,183,56,'2013-04-11 09:24:27','INGE','2013-04-11 09:25:00','INGE'),(618,5,1,184,56,'2013-04-11 09:25:00','INGE','2013-04-11 09:25:00','INGE'),(619,6,120,63,57,'2013-04-11 09:26:21','INGE','2013-04-11 09:26:21','INGE'),(620,3,4,13,55,'2013-04-11 12:37:15','HANS','2013-04-13 21:05:30','HANS'),(621,3,1,22,55,'2013-04-11 12:37:22','HANS','2013-04-13 21:05:30','HANS'),(622,3,1,50,55,'2013-04-11 12:37:41','HANS','2013-04-13 21:05:30','HANS'),(623,3,1,163,55,'2013-04-11 12:38:07','HANS','2013-04-13 21:05:30','HANS'),(624,3,120,101,55,'2013-04-11 12:38:28','HANS','2013-04-13 21:05:30','HANS'),(625,4,3,59,55,'2013-04-11 16:43:20','HANS','2013-04-13 21:05:30','HANS'),(626,5,4,13,55,'2013-04-11 16:43:33','HANS','2013-04-13 21:05:30','HANS'),(627,5,1,22,55,'2013-04-11 16:43:43','HANS','2013-04-13 21:05:30','HANS'),(628,5,30,52,55,'2013-04-11 16:43:54','HANS','2013-04-13 21:05:30','HANS'),(629,5,300,142,55,'2013-04-11 16:44:24','HANS','2013-04-13 21:05:30','HANS'),(630,5,3,60,55,'2013-04-11 16:44:34','HANS','2013-04-13 21:05:30','HANS'),(631,1,1,167,58,'2013-04-12 10:44:14','HANS','2013-04-19 22:01:55','HANS'),(632,2,250,53,58,'2013-04-12 14:57:50','HANS','2013-04-19 22:01:55','HANS'),(633,3,2,108,58,'2013-04-12 21:13:30','HANS','2013-04-19 22:01:55','HANS'),(640,1,200,63,60,'2013-04-14 20:50:26','HANS','2013-04-14 21:07:32','HANS'),(641,2,4,130,60,'2013-04-14 21:07:18','HANS','2013-04-14 21:07:32','HANS'),(642,1,2,123,61,'2013-04-16 21:05:54','HANS','2013-04-19 21:33:07','HANS'),(643,1,3,13,61,'2013-04-16 21:06:04','HANS','2013-04-19 21:33:07','HANS'),(644,2,2,63,61,'2013-04-16 21:11:12','HANS','2013-04-19 21:33:07','HANS'),(645,2,3,13,61,'2013-04-16 21:11:23','HANS','2013-04-19 21:33:07','HANS'),(646,3,1,76,61,'2013-04-16 21:11:31','HANS','2013-04-19 21:33:07','HANS'),(648,2,22,63,62,'2013-04-18 19:56:58','HANS','2013-04-18 20:01:41','HANS'),(649,2,33,127,62,'2013-04-18 19:57:09','HANS','2013-04-18 20:01:41','HANS'),(650,2,2,97,62,'2013-04-18 19:57:24','HANS','2013-04-18 20:01:41','HANS'),(651,2,1,14,62,'2013-04-18 19:57:35','HANS','2013-04-18 20:01:41','HANS'),(652,1,1,14,62,'2013-04-18 19:57:50','HANS','2013-04-18 20:01:41','HANS'),(653,1,1,15,62,'2013-04-18 19:59:01','HANS','2013-04-18 20:01:41','HANS'),(654,1,1,14,62,'2013-04-18 20:01:32','HANS','2013-04-18 20:01:41','HANS'),(655,1,NULL,14,62,'2013-04-18 20:01:41','HANS','2013-04-18 20:01:41','HANS'),(656,7,1,186,63,'2013-04-19 07:27:54','HANS','2013-04-19 21:53:52','HANS'),(659,4,20,110,61,'2013-04-19 21:30:48','HANS','2013-04-19 21:33:07','HANS'),(660,7,5,185,64,'2013-04-19 21:34:26','HANS','2013-04-19 21:34:26','HANS'),(661,1,100,68,63,'2013-04-19 21:53:52','HANS','2013-04-19 21:53:52','HANS'),(662,4,2,66,58,'2013-04-19 22:01:41','HANS','2013-04-19 22:01:55','HANS'),(663,7,3,185,58,'2013-04-19 22:01:55','HANS','2013-04-19 22:01:55','HANS');
/*!40000 ALTER TABLE `consumptiondetail` ENABLE KEYS */;
UNLOCK TABLES;

--
-- Table structure for table `favoriteproduct`
--

DROP TABLE IF EXISTS `favoriteproduct`;
/*!40101 SET @saved_cs_client     = @@character_set_client */;
/*!40101 SET character_set_client = utf8 */;
CREATE TABLE `favoriteproduct` (
  `id` int(11) NOT NULL AUTO_INCREMENT,
  `productid` int(11) NOT NULL,
  `userid` int(11) NOT NULL,
  PRIMARY KEY (`id`),
  UNIQUE KEY `UK_favoriteproduct` (`productid`,`userid`),
  KEY `FK_favoriteproduct_user_id` (`userid`),
  CONSTRAINT `FK_favoriteproduct_product_id` FOREIGN KEY (`productid`) REFERENCES `product` (`id`),
  CONSTRAINT `FK_favoriteproduct_user_id` FOREIGN KEY (`userid`) REFERENCES `user` (`id`)
) ENGINE=InnoDB DEFAULT CHARSET=utf8;
/*!40101 SET character_set_client = @saved_cs_client */;

--
-- Dumping data for table `favoriteproduct`
--

LOCK TABLES `favoriteproduct` WRITE;
/*!40000 ALTER TABLE `favoriteproduct` DISABLE KEYS */;
/*!40000 ALTER TABLE `favoriteproduct` ENABLE KEYS */;
UNLOCK TABLES;

--
-- Table structure for table `product`
--

DROP TABLE IF EXISTS `product`;
/*!40101 SET @saved_cs_client     = @@character_set_client */;
/*!40101 SET character_set_client = utf8 */;
CREATE TABLE `product` (
  `id` int(11) NOT NULL AUTO_INCREMENT,
  `name` char(255) NOT NULL,
  `unitid` int(11) NOT NULL,
  `amount` decimal(10,2) DEFAULT NULL,
  `points` decimal(10,2) DEFAULT NULL,
  `maxpoints` int(11) DEFAULT NULL,
  `description` varchar(255) DEFAULT NULL,
  `shared` tinyint(1) NOT NULL DEFAULT '1',
  `classtype` char(1) NOT NULL DEFAULT 'P',
  `productcategoryid` int(11) DEFAULT NULL,
  `creationdate` timestamp NOT NULL DEFAULT CURRENT_TIMESTAMP,
  `creationuser` char(20) DEFAULT NULL,
  `updatedate` timestamp NOT NULL DEFAULT CURRENT_TIMESTAMP,
  `updateuser` char(20) DEFAULT NULL,
  PRIMARY KEY (`id`),
  KEY `unitid` (`unitid`),
  KEY `productcategoryid` (`productcategoryid`),
  CONSTRAINT `product_ibfk_1` FOREIGN KEY (`unitid`) REFERENCES `unit` (`id`),
  CONSTRAINT `product_ibfk_2` FOREIGN KEY (`productcategoryid`) REFERENCES `productcategory` (`id`)
) ENGINE=InnoDB AUTO_INCREMENT=187 DEFAULT CHARSET=utf8;
/*!40101 SET character_set_client = @saved_cs_client */;

--
-- Dumping data for table `product`
--

LOCK TABLES `product` WRITE;
/*!40000 ALTER TABLE `product` DISABLE KEYS */;
INSERT INTO `product` VALUES (12,'Maredsous light',19,1.00,2.00,NULL,'Maredsous light',1,'P',9,'2013-03-17 09:14:20','INGE','2013-03-17 09:14:20','INGE'),(13,'brood',19,2.00,3.00,NULL,'Grijs brood',1,'P',7,'2013-03-18 11:33:01','INGE','2013-03-18 11:33:01','INGE'),(14,'croissant',17,1.00,8.00,NULL,'',1,'P',7,'2013-03-12 21:44:37','INGE','2013-03-22 10:52:32','INGE'),(15,'Aldi - confituur Tamara, 4 vruchten',15,4.00,1.00,NULL,'4 kl = 20gr',1,'P',18,'2013-03-18 21:13:11','INGE','2013-04-09 19:52:10','INGE'),(16,'thee',18,1.00,0.00,NULL,'thee zonder suiker of met canderel',1,'P',14,'2013-03-17 08:58:43','INGE','2013-03-17 08:58:43','INGE'),(22,'magere ham',19,1.00,1.00,NULL,'37.5 gr magere hesp',1,'P',8,'2013-03-17 12:31:32','INGE','2013-03-17 12:31:32','HANS'),(26,'gepelde tomaten',13,250.00,3.00,NULL,'punten na te kijken !!!',1,'P',2,'2013-03-18 21:22:48','INGE','2013-03-18 21:22:48','INGE'),(27,'ajuin',14,200.00,0.00,0,'Ajuin',1,'P',2,'2013-03-18 21:21:59','INGE','2013-03-22 16:01:39','INGE'),(28,'gehakt : rund-varken',14,100.00,6.00,NULL,'',1,'P',4,'2013-03-17 09:04:08','INGE','2013-03-22 20:09:01','HANS'),(29,'rode wijn',13,125.00,4.00,NULL,'',1,'P',5,'2013-03-18 21:17:02','INGE','2013-03-18 21:17:02','INGE'),(32,'caf',18,1.00,0.00,NULL,'Zwarte koffie zonder suiker of met canderel',1,'P',14,'2013-03-17 09:01:17','INGE','2013-03-17 09:01:17','INGE'),(39,'rijst, gekookt',14,100.00,4.00,7,'100gr = 4 EL',1,'P',10,'2013-03-18 21:26:10','INGE','2013-03-18 21:26:10','INGE'),(40,'Nestl - Clusters',14,10.00,1.00,NULL,'flakes met honing en amandelen',1,'P',12,'2013-03-18 07:36:47','INGE','2013-03-18 07:36:47','INGE'),(41,'sinaasappelsap, vers geperst',13,200.00,2.00,NULL,'vers geperst',1,'P',1,'2013-03-20 16:59:36','INGE','2013-03-20 16:59:36','HANS'),(44,'tonijn in eigen nat',14,100.00,3.00,5,'Colruyt',1,'P',13,'2013-03-18 21:29:01','INGE','2013-03-18 21:29:01','INGE'),(45,'Devos-Lemmens - mayonnaise light met citroen',15,2.00,1.00,NULL,'1 kl = 5gr -> 0p',1,'P',11,'2013-03-20 19:35:02','INGE','2013-03-20 19:35:02','INGE'),(46,'boterkoek met rozijnen',17,1.00,8.00,NULL,'boterkoek met rozijnen',1,'P',7,'2013-03-17 09:00:20','INGE','2013-03-17 09:00:20','INGE'),(47,'chocoladekoek',17,1.00,8.00,NULL,'chocoladekoek met chocolade er bovenop',1,'P',7,'2013-03-17 09:01:22','INGE','2013-03-17 09:01:22','INGE'),(48,'stokbrood',14,45.00,3.00,NULL,'stock boord',1,'P',7,'2013-03-17 12:28:48','INGE','2013-03-17 12:28:48','HANS'),(50,'Aldi gatenkaas',19,1.00,2.00,NULL,'1 snede = 25gr',1,'P',9,'2013-03-18 21:17:35','INGE','2013-03-18 21:17:35','INGE'),(51,'LU - Prince chocoladesmaak',17,1.00,3.00,NULL,'1 koekje = 20gr',1,'P',15,'2013-03-17 12:43:55','INGE','2013-03-17 12:43:55','INGE'),(52,'filet de York ultrafijn',14,30.00,1.00,NULL,'1 portie = 30gr',1,'P',8,'2013-03-17 12:42:19','INGE','2013-03-17 12:42:19','INGE'),(53,'Eristoff margarita',13,250.00,6.00,NULL,'Blik Eristoff margarita',1,'P',5,'2013-03-17 16:27:06','HANS','2013-03-17 16:27:06','HANS'),(54,'Delhaize - muesli crunchy omega 3',14,10.00,1.00,NULL,'',1,'P',12,'2013-03-18 07:43:30','INGE','2013-03-18 07:43:30','INGE'),(55,'honing',15,2.00,1.00,NULL,'',1,'P',18,'2013-03-18 21:14:25','INGE','2013-03-18 21:14:25','INGE'),(56,'Delhaize - muesli crunchy choco',14,10.00,1.00,NULL,'',1,'P',12,'2013-03-18 07:45:13','INGE','2013-03-18 07:45:13','INGE'),(57,'Bio Pur Natur yoghurt',14,100.00,2.00,NULL,'',1,'P',9,'2013-03-18 07:49:06','INGE','2013-03-18 07:49:06','INGE'),(58,'rozijnenkoekje Aldi',17,1.00,1.00,NULL,'Aldi',1,'P',15,'2013-03-18 21:11:52','INGE','2013-03-18 21:11:52','INGE'),(59,'Cte D\'or melkchocolade',17,1.00,1.00,NULL,'kleine tablet',1,'P',16,'2013-03-18 21:11:20','INGE','2013-03-18 21:11:20','INGE'),(60,'Nutella chocopasta',15,1.00,1.00,NULL,'1 kl = 5gr',1,'P',16,'2013-03-18 18:23:21','INGE','2013-03-18 18:23:21','HANS'),(61,'Nescaf capucinno',15,1.00,1.00,NULL,'1 kl = 5gr',1,'P',14,'2013-03-18 11:38:56','INGE','2013-03-18 11:38:56','INGE'),(62,'magere melk',18,1.00,2.00,NULL,'1 tas = 250ml',1,'P',9,'2013-03-19 12:02:03','INGE','2013-03-19 12:02:03','INGE'),(63,'aardappelen natuur',14,100.00,2.00,7,'',1,'P',17,'2013-03-18 21:11:00','INGE','2013-03-18 21:11:00','INGE'),(64,'chipolata : rund-varken',14,100.00,6.00,NULL,'punten na te kijken !!!',1,'P',4,'2013-03-18 21:16:50','INGE','2013-04-02 18:24:23','HANS'),(65,'Kellogg\'s graanrepen - Special K chocolade',17,1.00,2.00,NULL,'1 stuk = 22gr',1,'P',12,'2013-03-20 07:35:52','INGE','2013-03-20 07:35:52','INGE'),(66,'kipfilet',14,100.00,3.00,5,'',1,'P',4,'2013-03-18 18:17:49','HANS','2013-03-18 18:17:49','HANS'),(67,'frieten gefrituurd',14,100.00,8.00,NULL,'',1,'P',17,'2013-03-18 18:38:45','INGE','2013-03-18 18:38:45','INGE'),(68,'aardappelen gebakken',14,100.00,4.00,NULL,'',1,'P',17,'2013-03-18 18:40:06','INGE','2013-03-18 18:40:06','INGE'),(69,'witte wijn, zoet',13,125.00,4.00,NULL,'',1,'P',5,'2013-03-18 21:18:34','INGE','2013-03-18 21:18:34','INGE'),(70,'witte wijn, droog',13,125.00,3.00,NULL,'',1,'P',5,'2013-03-18 21:18:55','INGE','2013-03-18 21:18:55','INGE'),(71,'ros wijn',13,125.00,3.00,NULL,'',1,'P',5,'2013-03-18 21:19:11','INGE','2013-03-18 21:19:11','INGE'),(72,'rijst, ongekookt',14,45.00,4.00,7,'',1,'P',10,'2013-03-18 21:26:43','INGE','2013-03-18 21:26:43','INGE'),(73,'vijgen, gedroogd',17,2.00,1.00,NULL,'2 stuks = 20gr na te kijken !!!',1,'P',1,'2013-03-19 11:48:45','INGE','2013-03-19 11:48:45','INGE'),(74,'Knorr - Saladmix vinaigrette in zakje',15,1.00,1.00,NULL,'1 kl = 5gr',1,'P',11,'2013-03-19 11:54:05','INGE','2013-03-19 11:54:05','INGE'),(75,'komkommer',14,100.00,0.00,0,'',1,'P',2,'2013-03-19 11:56:13','INGE','2013-03-19 11:56:13','INGE'),(76,'Caf matin',18,1.00,4.00,NULL,'250ml magere melk + 2 kl Nescaf capuccino',1,'R',14,'2013-03-19 12:06:33','INGE','2013-04-10 17:42:19','HANS'),(77,'ei',17,1.00,2.00,5,'1 groot eigen ei = 45gr',1,'P',9,'2013-03-19 12:14:44','HANS','2013-03-19 12:14:44','HANS'),(78,'Aldi - Dlifin spekreepjes natuur',14,100.00,7.00,NULL,'100gr = 1 bakje',1,'P',4,'2013-03-19 12:17:28','INGE','2013-03-19 12:17:28','INGE'),(79,'Boerenommelet',17,4.00,30.76,NULL,'',1,'R',19,'2013-03-19 12:18:36','HANS','2013-04-12 21:13:19','HANS'),(80,'Aldi - Melro gemalen kaas, emmental 45+',14,10.00,1.00,NULL,'',1,'P',9,'2013-03-19 17:01:56','INGE','2013-03-19 17:01:56','INGE'),(81,'Aldi - Melro lichte room, 7%',13,50.00,1.00,NULL,'',1,'P',9,'2013-03-19 17:05:57','INGE','2013-03-19 17:05:57','INGE'),(82,'Kellogg\'s Extra crunchy muesli, dark chocolate',14,10.00,1.00,NULL,'',1,'P',12,'2013-03-20 07:34:54','INGE','2013-03-20 07:34:54','INGE'),(83,'Aldi - WeightControl bar, caramel',14,31.00,3.00,NULL,'',1,'P',3,'2013-03-20 08:45:49','INGE','2013-03-20 08:45:49','INGE'),(84,'Noten, gemengd',14,10.00,2.00,NULL,'',1,'P',20,'2013-03-20 16:46:11','INGE','2013-03-20 16:46:11','INGE'),(85,'appel',17,1.00,0.00,0,'',1,'P',1,'2013-03-20 16:47:42','INGE','2013-03-20 16:47:42','INGE'),(86,'fruitsla, vers',18,1.00,0.00,0,'',1,'P',1,'2013-03-20 16:49:09','INGE','2013-03-20 16:49:09','INGE'),(87,'Aldi - Fruitbiscuits, rozijnen',17,3.00,5.00,NULL,'3 stuks =  3 koekjes of 1 volledig pakje',1,'P',15,'2013-03-20 16:51:19','HANS','2013-03-20 16:51:19','HANS'),(88,'Aldi - Swing orangettes',17,1.00,1.00,NULL,'',1,'P',3,'2013-03-20 16:53:40','HANS','2013-03-20 16:53:40','HANS'),(89,'Aldi - Delser mini-crackers, zout',17,4.00,3.00,NULL,'4 stuks = 1 pakje',1,'P',21,'2013-03-20 16:56:22','INGE','2013-03-20 16:56:22','HANS'),(90,'Aldi - Monarc les malins plaisirs, zwarte chocolade',17,2.00,3.00,NULL,'2 stuks = 1 pakje',1,'P',15,'2013-03-20 16:58:01','HANS','2013-03-20 16:58:01','HANS'),(91,'Speksla',17,2.00,16.20,NULL,'',1,'R',19,'2013-03-20 19:12:52','INGE','2013-03-26 08:59:47','INGE'),(92,'sla, vers',17,1.00,0.00,0,'',1,'P',2,'2013-03-20 19:13:41','INGE','2013-03-20 19:13:41','INGE'),(93,'paprika',17,1.00,0.00,0,'',1,'P',2,'2013-03-20 19:14:06','INGE','2013-03-20 19:14:06','INGE'),(94,'Aldi - mager ontbijtspek',14,150.00,11.00,NULL,'',1,'P',4,'2013-03-20 19:17:08','INGE','2013-03-20 19:17:08','INGE'),(95,'Balsamico azijn',13,20.00,0.00,0,'',1,'P',11,'2013-03-20 19:18:33','INGE','2013-03-20 19:18:33','INGE'),(96,'Aldi - croutons Italiaanse mix',14,150.00,21.00,NULL,'',1,'P',11,'2013-03-20 19:30:48','INGE','2013-03-20 19:30:48','INGE'),(97,'wortelen',14,100.00,0.00,0,'',1,'P',2,'2013-03-20 19:35:51','INGE','2013-03-20 19:35:51','INGE'),(98,'gerookte forel',14,50.00,1.00,NULL,NULL,1,'P',13,'2013-03-21 18:05:38','HANS','2013-03-21 19:01:07','HANS'),(99,'gerookte zalm',14,50.00,2.00,NULL,'',1,'P',13,'2013-03-21 18:06:46','HANS','2013-03-21 18:34:31','INGE'),(100,'pistolet',14,40.00,3.00,NULL,'pistolet',1,'P',7,'2013-03-21 18:08:02','HANS','2013-03-21 18:08:02','HANS'),(101,'Ikea appelcake',14,60.00,5.00,NULL,'Ikea appelcake',1,'P',15,'2013-03-21 18:08:56','HANS','2013-03-21 18:12:09','HANS'),(102,'Minestrone met vermicelli',13,200.00,1.00,NULL,'',1,'P',22,'2013-03-21 18:15:10','HANS','2013-03-22 08:24:24','INGE'),(103,'chocoladetaart',14,100.00,10.00,NULL,'100 gr = 1 punt',1,'P',17,'2013-03-21 18:37:10','INGE','2013-03-21 18:37:10','INGE'),(104,'Danone - verse kaas, mager',14,100.00,2.00,NULL,'100gr = 1 potje',1,'P',9,'2013-03-22 07:25:29','INGE','2013-03-22 07:25:29','INGE'),(105,'Ikea ontbijt',17,1.00,16.60,NULL,'',1,'R',19,'2013-03-22 10:51:20','INGE','2013-04-12 09:33:18','HANS'),(106,'Ikea - pistolet, wit',14,60.00,4.00,NULL,'',1,'P',7,'2013-03-22 10:54:45','INGE','2013-03-22 10:54:45','INGE'),(107,'ikea - croissant',17,1.00,7.00,NULL,'',1,'P',7,'2013-03-22 10:57:32','INGE','2013-03-22 11:01:52','INGE'),(108,'Ikea - jonge kaas',17,1.00,2.00,NULL,'',1,'P',9,'2013-03-22 10:58:31','INGE','2013-03-22 11:02:20','INGE'),(109,'Ikea - Hotcemel',17,1.00,4.00,NULL,'punten na te kijken !!',1,'P',5,'2013-03-22 11:01:04','INGE','2013-03-22 11:04:33','INGE'),(110,'Balletjes in tomatensaus',17,25.00,111.30,NULL,'',1,'R',19,'2013-03-22 16:00:52','INGE','2013-03-25 17:35:47','INGE'),(111,'Anco - paneermeel, original',14,200.00,18.00,NULL,'',1,'P',11,'2013-03-22 16:05:38','INGE','2013-03-22 16:05:38','INGE'),(112,'olijfolie',15,1.00,1.00,NULL,'',1,'P',20,'2013-03-22 16:08:51','INGE','2013-03-22 16:08:51','INGE'),(113,'look',17,1.00,0.00,0,'',1,'P',2,'2013-03-22 16:10:28','INGE','2013-03-22 16:10:28','INGE'),(114,'Aldi - Palazzo tomatenblokjes met basilicum',14,400.00,2.00,NULL,'',1,'P',2,'2013-03-22 16:14:44','INGE','2013-03-22 16:14:44','INGE'),(115,'Aldi - Palazzo tomatenpuree',14,70.00,2.00,NULL,'70gr = 1 klein blikje',1,'P',2,'2013-03-22 16:17:15','INGE','2013-03-22 16:17:15','INGE'),(116,'Carrefour - ribblechips, zout en peper',14,20.00,3.00,NULL,'',1,'P',30,'2013-03-22 20:19:01','INGE','2013-03-22 20:19:35','INGE'),(117,'Aldi - Monarc, mini koekjes met chocolade en melkvulling',17,6.00,5.00,NULL,'6stuks = 1 pakje',1,'P',15,'2013-03-23 14:24:57','INGE','2013-03-23 14:24:57','INGE'),(121,'Kipsla',17,1.00,5.60,NULL,'te controleren !!',1,'R',19,'2013-03-24 15:35:43','HANS','2013-03-24 19:23:58','INGE'),(122,'sinaasappel',17,1.00,0.00,NULL,'',1,'P',1,'2013-03-24 15:36:44','HANS','2013-03-24 15:36:44','HANS'),(123,'Aldi - boterkrakelingen',14,10.00,1.00,NULL,'',1,'P',15,'2013-03-24 19:21:00','INGE','2013-03-24 19:21:00','INGE'),(124,'witloof',17,1.00,0.00,NULL,'',1,'P',2,'2013-03-25 12:14:00','HANS','2013-03-25 12:14:00','HANS'),(125,'Chicons gratin',17,12.00,61.00,NULL,'',1,'R',19,'2013-03-25 12:14:48','HANS','2013-04-10 09:29:55','HANS'),(126,'Aldi - Family Butella margarine',14,10.00,2.00,NULL,'',1,'P',9,'2013-03-25 17:20:28','INGE','2013-03-25 17:20:28','INGE'),(127,'Delhaize - Emmental light kaas, geraspt',14,10.00,1.00,NULL,'',1,'P',9,'2013-03-25 17:21:35','INGE','2013-03-25 17:21:35','INGE'),(128,'Bloem, alle soorten',14,10.00,2.00,NULL,'',1,'P',17,'2013-03-25 17:23:53','INGE','2013-03-25 17:23:53','INGE'),(129,'water, alle soorten',13,100.00,0.00,0,'',1,'P',5,'2013-03-25 17:27:47','INGE','2013-03-25 17:27:47','INGE'),(130,'Kaassaus',17,12.00,48.00,NULL,'nog gram uitrekenen !!!!',1,'R',19,'2013-03-25 17:31:21','INGE','2013-04-03 15:54:18','INGE'),(131,'bouillonblokje, mager',17,1.00,0.00,NULL,'',1,'P',11,'2013-03-25 17:34:48','INGE','2013-03-25 17:34:48','INGE'),(132,'Aldi - Milsani mascarpone',14,250.00,28.00,NULL,'1 pot = 250gr',1,'P',9,'2013-03-26 08:50:33','INGE','2013-03-26 08:50:33','INGE'),(133,'spinazie, diepvries',14,400.00,0.00,0,'',1,'P',2,'2013-03-26 08:52:10','INGE','2013-03-26 08:52:10','INGE'),(134,'Strikjes schotel',17,12.00,92.50,NULL,'',1,'R',19,'2013-03-26 08:53:40','INGE','2013-04-08 18:07:39','HANS'),(135,'pasta, alle soorten, gekookt',14,100.00,3.00,7,'',1,'P',10,'2013-03-26 08:55:51','INGE','2013-03-26 08:55:51','INGE'),(136,'pasta, alle soorten, ongekookt',14,30.00,3.00,7,'',1,'P',10,'2013-03-26 08:56:44','INGE','2013-03-26 08:56:44','INGE'),(137,'Maredsous light, 15%',14,30.00,2.00,NULL,'30gr = 1 snede',1,'P',9,'2013-03-26 11:37:52','INGE','2013-03-26 11:37:52','INGE'),(138,'Mars mini',17,1.00,2.00,NULL,'1 mini mars = 20gr',1,'P',16,'2013-03-26 11:40:54','INGE','2013-03-26 11:40:54','INGE'),(139,'Pasteria - Tortelloni ricotta spinazie',14,250.00,19.00,NULL,'',1,'P',10,'2013-03-27 17:28:57','HANS','2013-03-27 17:28:57','HANS'),(140,'Dr Oetker - Pizza 4 fromaggi',17,6.00,25.00,NULL,'',1,'P',32,'2013-03-27 17:31:00','HANS','2013-04-07 17:31:43','HANS'),(141,'Ikea - chocolade taart',17,1.00,8.00,NULL,'',1,'P',3,'2013-03-28 15:39:55','INGE','2013-03-28 15:39:55','INGE'),(142,'preisoep',13,200.00,1.00,NULL,'punten afhankelijk vd aardappel !!!',1,'P',22,'2013-03-28 15:41:15','INGE','2013-03-28 17:04:58','INGE'),(143,'Preisoep',13,2000.00,12.10,NULL,'',1,'R',22,'2013-03-28 17:05:51','INGE','2013-04-12 09:33:47','HANS'),(144,'prei',14,100.00,0.00,0,'',1,'P',2,'2013-03-28 17:06:23','INGE','2013-03-28 17:06:23','INGE'),(145,'Dove caramel',17,2.00,6.00,NULL,'2 stuks = 1 pakje',1,'P',16,'2013-03-29 16:42:38','INGE','2013-03-29 16:42:38','INGE'),(146,'harde kaas, 30+',14,30.00,2.00,NULL,'30 gr = 1 portie',1,'P',9,'2013-03-30 08:53:47','HANS','2013-03-30 08:53:47','HANS'),(147,'Kalflapje met wijn sauce',17,1.00,6.20,NULL,'Kalflapje van Moeke, met wijn en crme ',1,'R',19,'2013-03-30 08:57:01','HANS','2013-03-30 09:01:51','HANS'),(148,'kalfsvlees, lapje',17,1.00,3.00,5,'1 lapje = 120 gr',1,'P',4,'2013-03-30 08:58:45','HANS','2013-03-30 08:58:45','HANS'),(149,'room, 8 % v.g.',16,2.00,1.00,NULL,'2 eetlepels = 30 ml',1,'P',9,'2013-03-30 09:01:06','HANS','2013-03-30 09:01:06','HANS'),(150,'Carrefour american cookie, met chocoladesnippers',17,1.00,4.00,NULL,'1 st = 30 gr',1,'P',15,'2013-03-30 09:09:58','HANS','2013-03-30 09:09:58','HANS'),(151,'champagne',21,1.00,3.00,NULL,'',1,'P',5,'2013-03-30 09:14:26','HANS','2013-03-30 09:14:26','HANS'),(152,'Leonidas - praline chocolat creme fraiche',17,1.00,2.00,NULL,'',1,'P',16,'2013-03-31 12:11:42','HANS','2013-03-31 12:12:23','HANS'),(153,'brie',14,25.00,3.00,NULL,'',1,'P',9,'2013-03-31 19:17:55','HANS','2013-03-31 19:17:55','HANS'),(154,'boerepate',14,50.00,4.00,NULL,'',1,'P',4,'2013-04-01 11:31:20','HANS','2013-04-01 11:31:20','HANS'),(155,'paasei, gevuld',17,1.00,1.50,NULL,'',1,'P',16,'2013-04-01 11:42:26','INGE','2013-04-01 11:42:26','INGE'),(156,'chocolade, wit',14,10.00,2.00,NULL,'',1,'P',16,'2013-04-01 11:44:16','INGE','2013-04-01 11:44:16','INGE'),(157,'Tonijn, in eigen nat',14,100.00,3.00,5,'tonijn uitgelekt gewogen',1,'P',13,'2013-04-01 16:57:20','INGE','2013-04-01 16:57:20','INGE'),(158,'ketchup',13,30.00,1.00,NULL,'30ml = 2 EL',1,'P',11,'2013-04-01 16:58:03','INGE','2013-04-01 16:58:03','INGE'),(159,'Tonijn, gemengd',17,2.00,5.70,NULL,'',1,'R',19,'2013-04-01 16:58:36','INGE','2013-04-01 16:59:54','INGE'),(160,'rode kool met aardapelen, diepvries',14,100.00,2.00,NULL,'',1,'P',2,'2013-04-02 18:22:12','HANS','2013-04-02 18:22:12','HANS'),(161,'Macaroni jambon fromage',17,6.00,55.00,NULL,'',1,'R',19,'2013-04-03 20:54:38','HANS','2013-04-10 17:42:11','HANS'),(162,'Colruyt - Belsy choco-as',17,1.00,3.00,NULL,'1 st = 21 gr',1,'P',15,'2013-04-04 13:15:44','HANS','2013-04-04 13:20:34','INGE'),(163,'Maredsous met ham',15,1.00,1.00,NULL,'1 kl = 10 gr',1,'P',3,'2013-04-04 13:17:00','HANS','2013-04-04 13:17:00','HANS'),(164,'Rijstschotel',17,10.00,37.10,NULL,'',1,'R',10,'2013-04-05 15:19:56','INGE','2013-04-05 17:40:31','HANS'),(165,'Colruyt - Ringis groentjeblokjes',14,100.00,0.00,NULL,'',1,'P',2,'2013-04-05 16:23:17','HANS','2013-04-05 16:23:17','HANS'),(166,'sojasaus',16,1.00,0.00,NULL,'',1,'P',17,'2013-04-05 16:25:01','HANS','2013-04-05 16:25:01','HANS'),(167,'Aldi - Cafe noir',17,1.00,3.00,NULL,'',1,'P',15,'2013-04-05 17:41:50','HANS','2013-04-05 17:41:50','HANS'),(168,'Prince pocket - kleine chocolade koekjes',17,2.00,5.00,NULL,'',1,'P',15,'2013-04-06 14:25:19','INGE','2013-04-06 14:25:19','INGE'),(169,'Ijs - bolletje',17,1.00,3.00,NULL,'1 bolletje= 50 ml',1,'P',33,'2013-04-07 12:02:34','HANS','2013-04-07 12:03:10','HANS'),(170,'tortellini prosciutto',14,40.00,3.00,NULL,'',1,'P',10,'2013-04-07 17:38:25','HANS','2013-04-07 17:38:25','HANS'),(171,'Dr Oetker - Pizza special',17,6.00,22.00,NULL,'6 stukken = 330 gr ',1,'P',17,'2013-04-07 17:47:42','INGE','2013-04-07 17:47:42','INGE'),(172,'Grany biscuit met chocolade',17,1.00,2.00,NULL,'1 pakje = 2 stuks !!',1,'P',15,'2013-04-08 09:13:01','INGE','2013-04-08 09:13:01','INGE'),(173,'suikerstik',17,1.00,1.00,NULL,'',1,'P',22,'2013-04-09 10:47:21','HANS','2013-04-09 10:47:21','HANS'),(174,'Rund-varkensgehakt',14,100.00,7.00,NULL,'niet bereid',1,'P',4,'2013-04-09 11:02:49','INGE','2013-04-09 11:02:49','INGE'),(175,'Americain natuur',14,60.00,2.00,NULL,'nt bereid',1,'P',4,'2013-04-09 11:03:36','INGE','2013-04-09 11:03:36','INGE'),(176,'biefstuk',14,120.00,3.00,NULL,'',1,'P',4,'2013-04-09 11:04:04','INGE','2013-04-09 11:25:07','HANS'),(177,'Rundvlees mager',14,120.00,3.00,NULL,'',1,'P',17,'2013-04-09 11:04:46','INGE','2013-04-09 11:04:46','INGE'),(178,'Rundvlees steak',14,120.00,3.00,NULL,'',1,'P',17,'2013-04-09 11:05:05','INGE','2013-04-09 11:05:05','INGE'),(179,'Carrefour - chips bolognsese',14,17.00,3.00,NULL,'17gr = 1 handvol',1,'P',30,'2013-04-09 19:37:21','INGE','2013-04-09 19:37:21','INGE'),(180,'Aldi - Le Cavalier Emmental franais',14,10.00,1.00,NULL,'',1,'P',9,'2013-04-09 19:56:00','INGE','2013-04-09 19:56:00','INGE'),(181,'Materne - appelmoes met stukjes',14,90.00,2.00,NULL,'90 gr = 1 portie',1,'P',1,'2013-04-10 11:09:59','INGE','2013-04-10 11:09:59','INGE'),(182,'Puree',17,1.00,7.60,NULL,'',1,'R',17,'2013-04-10 17:43:34','HANS','2013-04-10 17:50:33','HANS'),(183,'Ikea - koffie',13,250.00,5.00,NULL,'125ml halfvolle melk en rest kofiie',1,'R',14,'2013-04-11 09:22:28','INGE','2013-04-12 10:43:57','HANS'),(184,'Oefeningen - Medium',20,1.00,-4.00,NULL,'',1,'E',31,'2013-04-15 19:59:12','HANS','2013-04-15 19:59:12','HANS'),(185,'Oefeningen - Light',20,1.00,-3.00,NULL,'',1,'E',31,'2013-04-15 19:59:12','HANS','2013-04-15 19:59:12','HANS'),(186,'Oefeningen - High',20,1.00,-11.00,NULL,'',1,'E',31,'2013-04-15 19:59:12','HANS','2013-04-15 19:59:12','HANS');
/*!40000 ALTER TABLE `product` ENABLE KEYS */;
UNLOCK TABLES;

--
-- Table structure for table `productcategory`
--

DROP TABLE IF EXISTS `productcategory`;
/*!40101 SET @saved_cs_client     = @@character_set_client */;
/*!40101 SET character_set_client = utf8 */;
CREATE TABLE `productcategory` (
  `id` int(11) NOT NULL AUTO_INCREMENT,
  `name` char(50) NOT NULL,
  `shared` tinyint(1) NOT NULL DEFAULT '1',
  `creationdate` timestamp NOT NULL DEFAULT CURRENT_TIMESTAMP,
  `creationuser` char(20) DEFAULT NULL,
  `updatedate` timestamp NOT NULL DEFAULT CURRENT_TIMESTAMP,
  `updateuser` char(20) DEFAULT NULL,
  `parentid` int(11) DEFAULT NULL,
  PRIMARY KEY (`id`),
  UNIQUE KEY `name_UNIQUE` (`name`),
  KEY `FK_productcategory_productcategory_id` (`parentid`),
  CONSTRAINT `FK_productcategory_productcategory_id` FOREIGN KEY (`parentid`) REFERENCES `productcategory` (`id`)
) ENGINE=InnoDB AUTO_INCREMENT=34 DEFAULT CHARSET=utf8;
/*!40101 SET character_set_client = @saved_cs_client */;

--
-- Dumping data for table `productcategory`
--

LOCK TABLES `productcategory` WRITE;
/*!40000 ALTER TABLE `productcategory` DISABLE KEYS */;
INSERT INTO `productcategory` VALUES (1,'Fruit',1,'2013-03-12 21:44:37','INGE','2013-03-12 21:44:37',NULL,NULL),(2,'Groenten',1,'2013-03-12 21:44:37','INGE','2013-03-12 21:44:37',NULL,NULL),(3,'Zoetigheden',1,'2013-03-18 21:29:18','INGE','2013-03-18 21:29:18','INGE',NULL),(4,'Vlees',1,'2013-03-12 21:44:37','INGE','2013-03-12 21:44:37',NULL,NULL),(5,'Drank',1,'2013-03-12 21:44:37','INGE','2013-03-12 21:44:37',NULL,NULL),(7,'Brood en ontbijtkoeken',1,'2013-03-18 21:14:00','INGE','2013-03-18 21:14:00','INGE',NULL),(8,'Beleg',1,'2013-03-12 21:44:37','INGE','2013-03-12 21:44:37',NULL,NULL),(9,'Zuivelproducten',1,'2013-03-17 09:13:24','INGE','2013-03-17 09:13:24','INGE',NULL),(10,'Pasta & rijst',1,'2013-03-12 21:44:37','INGE','2013-03-12 21:44:37',NULL,NULL),(11,'Sauzen, vinaigrettes en smaakmakers',1,'2013-03-20 19:18:49','INGE','2013-03-20 19:18:49','INGE',NULL),(12,'Flakes',1,'2013-03-12 21:44:37','INGE','2013-03-12 21:44:37',NULL,NULL),(13,'Vis',1,'2013-03-13 20:41:44','INGE','2013-03-13 20:41:44','INGE',NULL),(14,'Warme dranken',1,'2013-03-17 08:58:26','INGE','2013-03-17 08:58:26','INGE',NULL),(15,'Koekjes',1,'2013-03-17 12:35:07','HANS','2013-03-17 12:35:07','HANS',NULL),(16,'Chocolade',1,'2013-03-17 12:35:17','HANS','2013-03-17 12:35:17','HANS',NULL),(17,'Aardappelproducten',1,'2013-03-18 18:05:04','INGE','2013-03-18 18:05:04','INGE',NULL),(18,'Honing en confituur',1,'2013-03-18 21:12:20','INGE','2013-03-18 21:12:20','INGE',NULL),(19,'Recepten',1,'2013-03-19 12:18:28','INGE','2013-03-19 12:18:28','INGE',NULL),(20,'Olie, noten en zaden',1,'2013-03-20 16:45:58','INGE','2013-03-20 16:45:58','INGE',NULL),(21,'Beschuiten en crackers',1,'2013-03-20 16:56:12','HANS','2013-04-08 22:04:06','HANS',NULL),(22,'Soepen',1,'2013-03-21 18:15:34','HANS','2013-03-22 08:24:09','INGE',NULL),(30,'Chips en borrelhapjes',1,'2013-03-22 20:19:18','INGE','2013-03-22 20:19:18','INGE',NULL),(31,'Oefeningen',1,'2013-03-23 17:30:08','HANS','2013-03-23 17:30:08','HANS',NULL),(32,'Pizza',0,'2013-03-27 17:30:45','HANS','2013-03-27 17:30:45','HANS',NULL),(33,'Ijs & sorbets',1,'2013-04-07 12:02:54','HANS','2013-04-07 12:02:54','HANS',NULL);
/*!40000 ALTER TABLE `productcategory` ENABLE KEYS */;
UNLOCK TABLES;

--
-- Table structure for table `recipe_product_link`
--

DROP TABLE IF EXISTS `recipe_product_link`;
/*!40101 SET @saved_cs_client     = @@character_set_client */;
/*!40101 SET character_set_client = utf8 */;
CREATE TABLE `recipe_product_link` (
  `id` int(11) NOT NULL AUTO_INCREMENT,
  `recipeid` int(11) NOT NULL,
  `productid` int(11) NOT NULL,
  `amount` decimal(10,2) DEFAULT NULL,
  `creationdate` timestamp NOT NULL DEFAULT CURRENT_TIMESTAMP,
  `creationuser` char(20) DEFAULT NULL,
  `updatedate` timestamp NOT NULL DEFAULT CURRENT_TIMESTAMP,
  `updateuser` char(20) DEFAULT NULL,
  PRIMARY KEY (`id`),
  KEY `productid` (`productid`),
  KEY `recipeid` (`recipeid`),
  CONSTRAINT `recipe_product_link_ibfk_1` FOREIGN KEY (`productid`) REFERENCES `product` (`id`),
  CONSTRAINT `recipe_product_link_ibfk_2` FOREIGN KEY (`recipeid`) REFERENCES `product` (`id`)
) ENGINE=InnoDB AUTO_INCREMENT=97 DEFAULT CHARSET=utf8;
/*!40101 SET character_set_client = @saved_cs_client */;

--
-- Dumping data for table `recipe_product_link`
--

LOCK TABLES `recipe_product_link` WRITE;
/*!40000 ALTER TABLE `recipe_product_link` DISABLE KEYS */;
INSERT INTO `recipe_product_link` VALUES (1,76,62,1.00,'2013-03-19 12:08:06','INGE','2013-04-10 17:42:19','HANS'),(2,76,61,2.00,'2013-03-19 12:08:27','INGE','2013-04-10 17:42:19','HANS'),(7,79,68,144.00,'2013-03-19 17:36:39','INGE','2013-04-12 21:13:19','HANS'),(8,79,80,46.00,'2013-03-19 17:36:50','INGE','2013-04-12 21:13:19','HANS'),(10,79,78,100.00,'2013-03-19 17:37:23','INGE','2013-04-12 21:13:19','HANS'),(11,79,81,70.00,'2013-03-19 17:38:21','INGE','2013-04-12 21:13:19','HANS'),(12,79,77,10.00,'2013-03-19 17:38:41','INGE','2013-04-12 21:13:19','HANS'),(13,91,92,0.50,'2013-03-20 19:22:46','INGE','2013-03-26 08:59:47','INGE'),(14,91,93,0.50,'2013-03-20 19:23:04','INGE','2013-03-26 08:59:47','INGE'),(15,91,50,0.50,'2013-03-20 19:23:26','INGE','2013-03-26 08:59:47','INGE'),(16,91,94,150.00,'2013-03-20 19:23:44','INGE','2013-03-26 08:59:47','INGE'),(18,91,75,40.00,'2013-03-20 19:24:39','INGE','2013-03-26 08:59:47','INGE'),(19,91,95,10.00,'2013-03-20 19:26:08','INGE','2013-03-26 08:59:47','INGE'),(20,91,96,15.00,'2013-03-20 19:26:22','INGE','2013-03-26 08:59:47','INGE'),(21,91,96,15.00,'2013-03-20 19:31:25','INGE','2013-03-26 08:59:47','INGE'),(23,105,107,1.00,'2013-03-22 11:03:01','INGE','2013-04-12 09:33:18','HANS'),(24,105,109,0.50,'2013-03-22 11:04:56','INGE','2013-04-12 09:33:18','HANS'),(25,105,108,1.00,'2013-03-22 11:05:14','INGE','2013-04-12 09:33:18','HANS'),(26,105,106,60.00,'2013-03-22 11:05:36','INGE','2013-04-12 09:33:18','HANS'),(27,110,28,1550.00,'2013-03-22 16:01:12','INGE','2013-03-25 17:35:47','INGE'),(28,110,27,200.00,'2013-03-22 16:01:55','INGE','2013-03-25 17:35:47','INGE'),(29,110,111,70.00,'2013-03-22 16:06:09','INGE','2013-03-25 17:35:47','INGE'),(30,110,77,1.50,'2013-03-22 16:06:58','INGE','2013-03-25 17:35:47','INGE'),(31,110,112,3.00,'2013-03-22 16:09:21','INGE','2013-03-25 17:35:47','INGE'),(32,110,113,1.00,'2013-03-22 16:10:52','INGE','2013-03-25 17:35:47','INGE'),(33,110,115,70.00,'2013-03-22 16:17:39','INGE','2013-03-25 17:35:47','INGE'),(34,110,114,800.00,'2013-03-22 16:18:01','INGE','2013-03-25 17:35:47','INGE'),(35,121,92,0.50,'2013-03-24 15:35:59','HANS','2013-03-24 19:23:58','INGE'),(36,121,85,1.00,'2013-03-24 15:36:11','HANS','2013-03-24 19:23:58','INGE'),(37,121,122,1.00,'2013-03-24 15:37:04','HANS','2013-03-24 19:23:58','INGE'),(38,121,66,120.00,'2013-03-24 15:37:56','HANS','2013-03-24 19:23:58','INGE'),(39,121,74,2.00,'2013-03-24 15:38:48','HANS','2013-03-24 19:23:58','INGE'),(40,125,124,12.00,'2013-03-25 12:14:55','HANS','2013-04-10 09:29:55','HANS'),(41,125,22,12.00,'2013-03-25 12:15:02','HANS','2013-04-10 09:29:55','HANS'),(43,125,126,85.00,'2013-03-25 17:25:58','INGE','2013-04-10 09:29:55','HANS'),(44,125,128,70.00,'2013-03-25 17:26:11','INGE','2013-04-10 09:29:55','HANS'),(45,125,112,1.00,'2013-03-25 17:27:00','INGE','2013-04-10 09:29:55','HANS'),(46,125,129,250.00,'2013-03-25 17:28:07','INGE','2013-04-10 09:29:55','HANS'),(47,125,62,1.00,'2013-03-25 17:28:36','INGE','2013-04-10 09:29:55','HANS'),(48,125,127,150.00,'2013-03-25 17:29:05','INGE','2013-04-10 09:29:55','HANS'),(49,130,126,85.00,'2013-03-25 17:31:31','INGE','2013-04-03 15:54:18','INGE'),(50,130,128,70.00,'2013-03-25 17:31:42','INGE','2013-04-03 15:54:18','INGE'),(51,130,62,1.00,'2013-03-25 17:32:08','INGE','2013-04-03 15:54:18','INGE'),(52,130,127,150.00,'2013-03-25 17:32:41','INGE','2013-04-03 15:54:18','INGE'),(54,130,129,250.00,'2013-03-25 17:33:30','INGE','2013-04-03 15:54:18','INGE'),(55,130,131,2.00,'2013-03-25 17:35:03','INGE','2013-04-03 15:54:18','INGE'),(57,134,94,300.00,'2013-03-26 08:57:20','INGE','2013-04-08 18:07:39','HANS'),(58,134,133,400.00,'2013-03-26 08:57:33','INGE','2013-04-08 18:07:39','HANS'),(59,134,113,2.00,'2013-03-26 08:57:47','INGE','2013-04-08 18:07:39','HANS'),(60,134,132,500.00,'2013-03-26 08:58:18','INGE','2013-04-08 18:07:39','HANS'),(61,134,131,2.00,'2013-03-26 08:58:55','INGE','2013-04-08 18:07:39','HANS'),(62,134,127,75.00,'2013-03-26 08:59:11','INGE','2013-04-08 18:07:39','HANS'),(63,143,144,1000.00,'2013-03-28 17:08:09','INGE','2013-04-12 09:33:47','HANS'),(64,143,129,2000.00,'2013-03-28 17:08:31','INGE','2013-04-12 09:33:47','HANS'),(65,143,112,2.00,'2013-03-28 17:08:47','INGE','2013-04-12 09:33:47','HANS'),(66,143,63,125.00,'2013-03-28 17:09:03','INGE','2013-04-12 09:33:47','HANS'),(67,143,131,4.00,'2013-03-28 17:09:26','INGE','2013-04-12 09:33:47','HANS'),(68,147,70,50.00,'2013-03-30 08:57:18','HANS','2013-03-30 09:01:51','HANS'),(69,147,148,1.00,'2013-03-30 09:01:22','HANS','2013-03-30 09:01:51','HANS'),(70,147,81,100.00,'2013-03-30 09:01:51','HANS','2013-03-30 09:01:51','HANS'),(71,159,157,140.00,'2013-04-01 16:58:51','INGE','2013-04-01 16:59:54','INGE'),(72,159,158,15.00,'2013-04-01 16:59:11','INGE','2013-04-01 16:59:54','INGE'),(73,159,45,2.00,'2013-04-01 16:59:27','INGE','2013-04-01 16:59:54','INGE'),(74,161,135,750.00,'2013-04-03 20:55:04','HANS','2013-04-10 17:42:11','HANS'),(75,161,128,70.00,'2013-04-03 20:55:25','HANS','2013-04-10 17:42:11','HANS'),(76,161,62,1.00,'2013-04-03 20:55:57','HANS','2013-04-10 17:42:11','HANS'),(77,161,126,85.00,'2013-04-03 20:56:28','HANS','2013-04-10 17:42:11','HANS'),(78,161,80,150.00,'2013-04-03 20:56:55','HANS','2013-04-10 17:42:11','HANS'),(79,161,129,250.00,'2013-04-03 20:57:11','HANS','2013-04-10 17:42:11','HANS'),(80,164,28,585.00,'2013-04-05 16:19:27','HANS','2013-04-05 17:40:31','HANS'),(82,164,131,1.00,'2013-04-05 16:20:34','HANS','2013-04-05 17:40:31','HANS'),(83,164,27,50.00,'2013-04-05 16:21:42','HANS','2013-04-05 17:40:31','HANS'),(84,164,166,4.00,'2013-04-05 16:25:21','HANS','2013-04-05 17:40:31','HANS'),(85,164,165,350.00,'2013-04-05 16:25:45','HANS','2013-04-05 17:40:31','HANS'),(86,164,112,2.00,'2013-04-05 16:27:40','HANS','2013-04-05 17:40:31','HANS'),(87,134,135,1000.00,'2013-04-08 18:07:39','HANS','2013-04-08 18:07:39','HANS'),(88,182,68,120.00,'2013-04-10 17:43:42','HANS','2013-04-10 17:50:33','HANS'),(89,182,112,2.00,'2013-04-10 17:44:06','HANS','2013-04-10 17:50:33','HANS'),(90,182,77,0.20,'2013-04-10 17:45:40','HANS','2013-04-10 17:50:33','HANS'),(91,182,62,0.20,'2013-04-10 17:50:29','HANS','2013-04-10 17:50:33','HANS'),(92,183,62,1.00,'2013-04-11 09:23:28','INGE','2013-04-12 10:43:57','HANS'),(93,105,183,200.00,'2013-04-12 09:33:12','HANS','2013-04-12 09:33:18','HANS'),(94,143,182,1.00,'2013-04-12 09:33:43','HANS','2013-04-12 09:33:47','HANS'),(95,183,167,1.00,'2013-04-12 10:43:57','HANS','2013-04-12 10:43:57','HANS'),(96,79,107,1.00,'2013-04-12 21:13:17','HANS','2013-04-12 21:13:19','HANS');
/*!40000 ALTER TABLE `recipe_product_link` ENABLE KEYS */;
UNLOCK TABLES;

--
-- Table structure for table `unit`
--

DROP TABLE IF EXISTS `unit`;
/*!40101 SET @saved_cs_client     = @@character_set_client */;
/*!40101 SET character_set_client = utf8 */;
CREATE TABLE `unit` (
  `id` int(11) NOT NULL AUTO_INCREMENT,
  `name` char(5) NOT NULL,
  `shared` tinyint(1) NOT NULL DEFAULT '1',
  `description` varchar(255) DEFAULT NULL,
  `creationdate` timestamp NOT NULL DEFAULT CURRENT_TIMESTAMP,
  `creationuser` char(20) DEFAULT NULL,
  `updatedate` timestamp NOT NULL DEFAULT CURRENT_TIMESTAMP,
  `updateuser` char(20) DEFAULT NULL,
  PRIMARY KEY (`id`)
) ENGINE=InnoDB AUTO_INCREMENT=22 DEFAULT CHARSET=utf8;
/*!40101 SET character_set_client = @saved_cs_client */;

--
-- Dumping data for table `unit`
--

LOCK TABLES `unit` WRITE;
/*!40000 ALTER TABLE `unit` DISABLE KEYS */;
INSERT INTO `unit` VALUES (13,'ml',1,'milliliter','2013-03-12 21:44:37','INGE','2013-03-12 21:44:37',NULL),(14,'g',1,'gram','2013-03-17 09:15:48','INGE','2013-03-17 09:15:48','INGE'),(15,'kl',1,'koffielepel','2013-03-17 09:05:00','INGE','2013-03-17 09:05:00','INGE'),(16,'sl',1,'soeplepel','2013-03-17 09:05:15','INGE','2013-03-17 09:05:15','INGE'),(17,'stuk',1,'stuk of snede','2013-03-12 21:44:37','INGE','2013-03-12 21:44:37',NULL),(18,'tas',1,'koffietas','2013-03-17 09:05:29','INGE','2013-03-17 09:05:29','INGE'),(19,'snede',1,'','2013-03-17 09:04:42','INGE','2013-03-17 09:04:42','INGE'),(20,'uur',1,'uur','2013-03-23 17:29:38','INGE','2013-03-23 17:29:38','HANS'),(21,'glas',1,'1 glas = 125 ml','2013-03-30 09:13:52','INGE','2013-03-30 09:13:52','HANS');
/*!40000 ALTER TABLE `unit` ENABLE KEYS */;
UNLOCK TABLES;

--
-- Table structure for table `user`
--

DROP TABLE IF EXISTS `user`;
/*!40101 SET @saved_cs_client     = @@character_set_client */;
/*!40101 SET character_set_client = utf8 */;
CREATE TABLE `user` (
  `id` int(11) NOT NULL AUTO_INCREMENT,
  `username` char(20) NOT NULL,
  `password` char(28) DEFAULT NULL,
  `firstname` char(30) DEFAULT NULL,
  `lastname` char(100) DEFAULT NULL,
  `targetweight` int(11) DEFAULT NULL,
  `daypoints` int(11) DEFAULT NULL,
  `extrapoints` int(11) NOT NULL DEFAULT '0',
  `creationdate` timestamp NOT NULL DEFAULT CURRENT_TIMESTAMP,
  `creationuser` char(20) DEFAULT NULL,
  `updatedate` timestamp NOT NULL DEFAULT CURRENT_TIMESTAMP,
  `updateuser` char(20) DEFAULT NULL,
  PRIMARY KEY (`id`),
  UNIQUE KEY `UK_user_username` (`username`)
) ENGINE=InnoDB AUTO_INCREMENT=3 DEFAULT CHARSET=utf8;
/*!40101 SET character_set_client = @saved_cs_client */;

--
-- Dumping data for table `user`
--

LOCK TABLES `user` WRITE;
/*!40000 ALTER TABLE `user` DISABLE KEYS */;
INSERT INTO `user` VALUES (1,'INGE','qoH5WAUk88KzsInyTnXlWC+f6aE=','Inge','Vanden Nest',64,29,49,'2013-03-17 08:52:39','HANS','2013-03-17 08:53:22','INGE'),(2,'HANS','Oug9p9F4vr5K3rF0HIjQ6jGeohg=','Hans','Fortemaison',78,35,49,'2013-03-17 12:51:00','HANS','2013-04-10 06:58:30','HANS');
/*!40000 ALTER TABLE `user` ENABLE KEYS */;
UNLOCK TABLES;

--
-- Table structure for table `weight`
--

DROP TABLE IF EXISTS `weight`;
/*!40101 SET @saved_cs_client     = @@character_set_client */;
/*!40101 SET character_set_client = utf8 */;
CREATE TABLE `weight` (
  `id` int(11) NOT NULL AUTO_INCREMENT,
  `userid` int(11) NOT NULL,
  `date` date NOT NULL,
  `weight` double NOT NULL,
  `creationdate` timestamp NOT NULL DEFAULT CURRENT_TIMESTAMP ON UPDATE CURRENT_TIMESTAMP,
  `creationuser` char(20) NOT NULL,
  `updatedate` timestamp NOT NULL DEFAULT CURRENT_TIMESTAMP,
  `updateuser` char(20) NOT NULL,
  PRIMARY KEY (`id`),
  KEY `FK_weigth_user_id` (`userid`),
  CONSTRAINT `FK_weigth_user_id` FOREIGN KEY (`userid`) REFERENCES `user` (`id`)
) ENGINE=InnoDB AUTO_INCREMENT=4 DEFAULT CHARSET=utf8;
/*!40101 SET character_set_client = @saved_cs_client */;

--
-- Dumping data for table `weight`
--

LOCK TABLES `weight` WRITE;
/*!40000 ALTER TABLE `weight` DISABLE KEYS */;
INSERT INTO `weight` VALUES (1,2,'2013-04-07',79.8,'2013-04-07 22:25:38','HANS','2013-04-07 22:25:38','HANS'),(2,2,'2013-04-08',79.6,'2013-04-08 06:05:13','HANS','2013-04-08 06:05:13','HANS'),(3,1,'2013-04-08',70.4,'2013-04-08 10:43:04','INGE','2013-04-08 10:43:04','INGE');
/*!40000 ALTER TABLE `weight` ENABLE KEYS */;
UNLOCK TABLES;
/*!40103 SET TIME_ZONE=@OLD_TIME_ZONE */;

/*!40101 SET SQL_MODE=@OLD_SQL_MODE */;
/*!40014 SET FOREIGN_KEY_CHECKS=@OLD_FOREIGN_KEY_CHECKS */;
/*!40014 SET UNIQUE_CHECKS=@OLD_UNIQUE_CHECKS */;
/*!40101 SET CHARACTER_SET_CLIENT=@OLD_CHARACTER_SET_CLIENT */;
/*!40101 SET CHARACTER_SET_RESULTS=@OLD_CHARACTER_SET_RESULTS */;
/*!40101 SET COLLATION_CONNECTION=@OLD_COLLATION_CONNECTION */;
/*!40111 SET SQL_NOTES=@OLD_SQL_NOTES */;

-- Dump completed on 2013-04-25 22:42:14
